case	level	Oh	time	H_main_center	dHdt	z_all	z_main	cavity_z_base	r_j_outer_base	liquid_components	q_jet	Q_j	flux_note
2808	8	0.01	0.400000	-1.7554511	1.68337272	0.0227606362	0.0227606362	-1.761719	0.01953125	1	NA	NA	getJetFoot candidate did not match robust getBase outer base
2808	8	0.01	0.410000	-1.73781403	1.85905837	0.0233537351	0.0233537351	-1.722656	0.05859375	1	NA	NA	getJetFoot candidate did not match robust getBase outer base
2808	8	0.01	0.420000	-1.71826994	2.13500453	0.0238073323	0.0238073323	-1.722656	0.01953125	1	NA	NA	getJetFoot candidate did not match robust getBase outer base
2808	8	0.01	0.430000	-1.69511394	2.56205926	0.0242134722	0.0242134722	-1.683594	0.01953125	1	NA	NA	getJetFoot candidate did not match robust getBase outer base
2808	8	0.01	0.440000	-1.66702875	3.31242179	0.0248624377	0.0248624377	-1.683594	0.01953125	1	NA	NA	getJetFoot candidate did not match robust getBase outer base
2808	8	0.01	0.450000	-1.6288655	4.73911531	0.0252144054	0.0252144054	-1.644531	0.01953125	1	NA	NA	getJetFoot candidate did not match robust getBase outer base
2808	8	0.01	0.460000	-1.57224645	19.4886424	0.0259764658	0.0259764658	-1.566406	0.01953125	1	NA	NA	getJetFoot candidate did not match robust getBase outer base
2808	8	0.01	0.470000	-1.23909265	27.160399	0.026563505	0.026563505	-1.253906	0.05859375	1	NA	NA	getJetFoot candidate did not match robust getBase outer base
2808	8	0.01	0.480000	-1.02903847	20.4153006	0.0273064857	0.0273064857	-1.136719	0.1367188	1	NA	NA	getJetFoot candidate did not match robust getBase outer base
2808	8	0.01	0.490000	-0.830786641	16.3571877	0.0281116699	0.0281116699	-1.097656	0.2148438	1	NA	NA	getJetFoot candidate did not match robust getBase outer base
2808	8	0.01	0.500000	-0.701894711	12.10048	0.0287995281	0.0287995281	-1.019531	0.1757812	1	NA	NA	getJetFoot candidate did not match robust getBase outer base
2808	8	0.01	0.510000	-0.588777041	12.1964067	0.029769803	0.029769803	-0.9804688	0.2148438	1	NA	NA	getJetFoot candidate did not match robust getBase outer base
2808	8	0.01	0.520000	-0.457966578	13.0297484	0.0304463185	0.0304463185	-0.9414062	0.2539062	1	NA	NA	getJetFoot candidate did not match robust getBase outer base
2808	8	0.01	0.530000	-0.328182073	12.860452	0.0315128152	0.0315128152	-0.9414062	0.3320312	1	NA	NA	getJetFoot candidate did not match robust getBase outer base
2808	8	0.01	0.540000	-0.200757539	10.6806188	0.0322907337	0.0322907337	-0.9023438	0.3320312	1	NA	NA	getJetFoot candidate did not match robust getBase outer base
2808	8	0.01	0.550000	-0.114569697	8.34265238	0.0333029511	0.0333029511	-0.8632812	0.2929688	1	NA	NA	getJetFoot candidate did not match robust getBase outer base
2808	8	0.01	0.560000	-0.0339044915	8.78055488	0.0341066293	0.0341066293	-0.8632812	0.3710938	1	NA	NA	getJetFoot candidate did not match robust getBase outer base
2808	8	0.01	0.570000	0.0610414003	9.59985323	0.0610414003	0.0610414003	-0.8242188	0.3710938	1	NA	NA	getJetFoot candidate did not match robust getBase outer base
2808	8	0.01	0.580000	0.158092573	10.271839	0.158092573	0.158092573	-0.8242188	0.4101562	1	NA	NA	getJetFoot candidate did not match robust getBase outer base
2808	8	0.01	0.590000	0.26647818	11.4056108	0.26647818	0.26647818	-0.7851562	0.3710938	1	NA	NA	getJetFoot candidate did not match robust getBase outer base
2808	8	0.01	0.600000	0.386204788	11.2843555	0.386204788	0.386204788	-0.7851562	0.4492188	1	NA	NA	getJetFoot candidate did not match robust getBase outer base
2808	8	0.01	0.610000	0.492165291	9.84477139	0.492165291	0.492165291	-0.7460938	0.4101562	1	NA	NA	getJetFoot candidate did not match robust getBase outer base
2808	8	0.01	0.620000	0.583100216	8.7736123	0.583100216	0.583100216	-0.7460938	0.4492188	1	NA	NA	getJetFoot candidate did not match robust getBase outer base
2808	8	0.01	0.630000	0.667637537	-5.45314181	0.667637537	0.667637537	-0.7460938	0.4882812	1	NA	NA	getJetFoot candidate did not match robust getBase outer base
2808	8	0.01	0.640000	0.47403738	-6.98212607	0.754993827	0.47403738	-0.7070312	0.4492188	2	NA	NA	getJetFoot candidate did not match robust getBase outer base
2808	8	0.01	0.650000	0.527995015	5.39159511	0.848994963	0.527995015	-0.7070312	0.4882812	2	NA	NA	getJetFoot candidate did not match robust getBase outer base
2808	8	0.01	0.660000	0.581869282	5.10375118	0.947029194	0.581869282	-0.7070312	0.5273438	2	NA	NA	getJetFoot candidate did not match robust getBase outer base
2808	8	0.01	0.670000	0.630070039	4.63360277	1.03995533	0.630070039	-0.6679688	0.4882812	2	NA	NA	getJetFoot candidate did not match robust getBase outer base
2808	8	0.01	0.680000	0.674541337	4.5226173	1.14020561	0.674541337	-0.6679688	0.4882812	2	NA	NA	getJetFoot candidate did not match robust getBase outer base
2808	8	0.01	0.690000	0.720522385	4.67359222	1.24417876	0.720522385	-0.6679688	0.5273438	2	NA	NA	getJetFoot candidate did not match robust getBase outer base
2809	8	0.01	0.400000	-1.7554511	1.68337272	0.0227606362	0.0227606362	-1.761719	0.01953125	1	NA	NA	getJetFoot candidate did not match robust getBase outer base
2809	8	0.01	0.410000	-1.73781403	1.85905837	0.0233537351	0.0233537351	-1.722656	0.05859375	1	NA	NA	getJetFoot candidate did not match robust getBase outer base
2809	8	0.01	0.420000	-1.71826994	2.13500453	0.0238073323	0.0238073323	-1.722656	0.01953125	1	NA	NA	getJetFoot candidate did not match robust getBase outer base
2809	8	0.01	0.430000	-1.69511394	2.56205926	0.0242134722	0.0242134722	-1.683594	0.01953125	1	NA	NA	getJetFoot candidate did not match robust getBase outer base
2809	8	0.01	0.440000	-1.66702875	3.31242179	0.0248624377	0.0248624377	-1.683594	0.01953125	1	NA	NA	getJetFoot candidate did not match robust getBase outer base
2809	8	0.01	0.450000	-1.6288655	4.73911531	0.0252144054	0.0252144054	-1.644531	0.01953125	1	NA	NA	getJetFoot candidate did not match robust getBase outer base
2809	8	0.01	0.460000	-1.57224645	19.4886424	0.0259764658	0.0259764658	-1.566406	0.01953125	1	NA	NA	getJetFoot candidate did not match robust getBase outer base
2809	8	0.01	0.470000	-1.23909265	27.160399	0.026563505	0.026563505	-1.253906	0.05859375	1	NA	NA	getJetFoot candidate did not match robust getBase outer base
2809	8	0.01	0.480000	-1.02903847	20.4153006	0.0273064857	0.0273064857	-1.136719	0.1367188	1	NA	NA	getJetFoot candidate did not match robust getBase outer base
2809	8	0.01	0.490000	-0.830786641	16.3571877	0.0281116699	0.0281116699	-1.097656	0.2148438	1	NA	NA	getJetFoot candidate did not match robust getBase outer base
2809	8	0.01	0.500000	-0.701894711	12.10048	0.0287995281	0.0287995281	-1.019531	0.1757812	1	NA	NA	getJetFoot candidate did not match robust getBase outer base
2809	8	0.01	0.510000	-0.588777041	12.1964067	0.029769803	0.029769803	-0.9804688	0.2148438	1	NA	NA	getJetFoot candidate did not match robust getBase outer base
2809	8	0.01	0.520000	-0.457966578	13.0297484	0.0304463185	0.0304463185	-0.9414062	0.2539062	1	NA	NA	getJetFoot candidate did not match robust getBase outer base
2809	8	0.01	0.530000	-0.328182073	12.860452	0.0315128152	0.0315128152	-0.9414062	0.3320312	1	NA	NA	getJetFoot candidate did not match robust getBase outer base
2809	8	0.01	0.540000	-0.200757539	10.6806188	0.0322907337	0.0322907337	-0.9023438	0.3320312	1	NA	NA	getJetFoot candidate did not match robust getBase outer base
2809	8	0.01	0.550000	-0.114569697	8.34265238	0.0333029511	0.0333029511	-0.8632812	0.2929688	1	NA	NA	getJetFoot candidate did not match robust getBase outer base
2809	8	0.01	0.560000	-0.0339044915	8.78055488	0.0341066293	0.0341066293	-0.8632812	0.3710938	1	NA	NA	getJetFoot candidate did not match robust getBase outer base
2809	8	0.01	0.570000	0.0610414003	9.59985323	0.0610414003	0.0610414003	-0.8242188	0.3710938	1	NA	NA	getJetFoot candidate did not match robust getBase outer base
2809	8	0.01	0.580000	0.158092573	10.271839	0.158092573	0.158092573	-0.8242188	0.4101562	1	NA	NA	getJetFoot candidate did not match robust getBase outer base
2809	8	0.01	0.590000	0.26647818	11.4056108	0.26647818	0.26647818	-0.7851562	0.3710938	1	NA	NA	getJetFoot candidate did not match robust getBase outer base
2809	8	0.01	0.600000	0.386204788	11.2843555	0.386204788	0.386204788	-0.7851562	0.4492188	1	NA	NA	getJetFoot candidate did not match robust getBase outer base
2809	8	0.01	0.610000	0.492165291	9.84477139	0.492165291	0.492165291	-0.7460938	0.4101562	1	NA	NA	getJetFoot candidate did not match robust getBase outer base
2809	8	0.01	0.620000	0.583100216	8.7736123	0.583100216	0.583100216	-0.7460938	0.4492188	1	NA	NA	getJetFoot candidate did not match robust getBase outer base
2809	8	0.01	0.630000	0.667637537	-5.45314181	0.667637537	0.667637537	-0.7460938	0.4882812	1	NA	NA	getJetFoot candidate did not match robust getBase outer base
2809	8	0.01	0.640000	0.47403738	-6.98212607	0.754993827	0.47403738	-0.7070312	0.4492188	2	NA	NA	getJetFoot candidate did not match robust getBase outer base
2809	8	0.01	0.650000	0.527995015	5.39159511	0.848994963	0.527995015	-0.7070312	0.4882812	2	NA	NA	getJetFoot candidate did not match robust getBase outer base
2809	8	0.01	0.660000	0.581869282	5.10375118	0.947029194	0.581869282	-0.7070312	0.5273438	2	NA	NA	getJetFoot candidate did not match robust getBase outer base
2809	8	0.01	0.670000	0.630070039	4.63360277	1.03995533	0.630070039	-0.6679688	0.4882812	2	NA	NA	getJetFoot candidate did not match robust getBase outer base
2809	8	0.01	0.680000	0.674541337	4.5226173	1.14020561	0.674541337	-0.6679688	0.4882812	2	NA	NA	getJetFoot candidate did not match robust getBase outer base
2809	8	0.01	0.690000	0.720522385	4.67359222	1.24417876	0.720522385	-0.6679688	0.5273438	2	NA	NA	getJetFoot candidate did not match robust getBase outer base
2820	8	0.02	0.400000	-1.76129219	1.61665294	0.0221564353	0.0221564353	-1.761719	0.01953125	1	NA	NA	getJetFoot candidate did not match robust getBase outer base
2820	8	0.02	0.410000	-1.74429572	1.77315873	0.0226454993	0.0226454993	-1.761719	0.01953125	1	NA	NA	getJetFoot candidate did not match robust getBase outer base
2820	8	0.02	0.420000	-1.72582902	1.98720851	0.0228890675	0.0228890675	-1.722656	0.01953125	1	NA	NA	getJetFoot candidate did not match robust getBase outer base
2820	8	0.02	0.430000	-1.70455155	2.27942374	0.0232102905	0.0232102905	-1.722656	0.01953125	1	NA	NA	getJetFoot candidate did not match robust getBase outer base
2820	8	0.02	0.440000	-1.68024054	2.62294779	0.0236328129	0.0236328129	-1.683594	0.01953125	1	NA	NA	getJetFoot candidate did not match robust getBase outer base
2820	8	0.02	0.450000	-1.6520926	3.22641326	0.023850044	0.023850044	-1.644531	0.01953125	1	NA	NA	getJetFoot candidate did not match robust getBase outer base
2820	8	0.02	0.460000	-1.61571228	12.5803743	0.0244609407	0.0244609407	-1.605469	0.01953125	1	NA	NA	getJetFoot candidate did not match robust getBase outer base
2820	8	0.02	0.470000	-1.40048511	20.3827974	0.0248062355	0.0248062355	-1.566406	0.01953125	1	NA	NA	getJetFoot candidate did not match robust getBase outer base
2820	8	0.02	0.480000	-1.20805633	19.8632069	0.0254849769	0.0254849769	-1.214844	0.05859375	1	NA	NA	getJetFoot candidate did not match robust getBase outer base
2820	8	0.02	0.490000	-1.00322097	18.9552571	0.0260726261	0.0260726261	-1.136719	0.1367188	1	NA	NA	getJetFoot candidate did not match robust getBase outer base
2820	8	0.02	0.500000	-0.828951191	14.4708059	0.0267372386	0.0267372386	-1.058594	0.1757812	1	NA	NA	getJetFoot candidate did not match robust getBase outer base
2820	8	0.02	0.510000	-0.713804854	11.3243461	0.0274986189	0.0274986189	-1.019531	0.2148438	1	NA	NA	getJetFoot candidate did not match robust getBase outer base
2820	8	0.02	0.520000	-0.602464269	11.5460779	0.028134346	0.028134346	-0.9804688	0.2539062	1	NA	NA	getJetFoot candidate did not match robust getBase outer base
2820	8	0.02	0.530000	-0.482883295	11.7912098	0.0290259063	0.0290259063	-0.9414062	0.2929688	1	NA	NA	getJetFoot candidate did not match robust getBase outer base
2820	8	0.02	0.540000	-0.366640073	10.5993765	0.0296373169	0.0296373169	-0.9023438	0.2929688	1	NA	NA	getJetFoot candidate did not match robust getBase outer base
2820	8	0.02	0.550000	-0.270895765	8.95911145	0.0306094695	0.0306094695	-0.8632812	0.2929688	1	NA	NA	getJetFoot candidate did not match robust getBase outer base
2820	8	0.02	0.560000	-0.187457844	8.08000771	0.0312513753	0.0312513753	-0.8632812	0.3710938	1	NA	NA	getJetFoot candidate did not match robust getBase outer base
2820	8	0.02	0.570000	-0.109295611	7.6506004	0.0321884687	0.0321884687	-0.8242188	0.3320312	1	NA	NA	getJetFoot candidate did not match robust getBase outer base
2820	8	0.02	0.580000	-0.0344458357	7.34115925	0.0328409246	0.0328409246	-0.8242188	0.4101562	1	NA	NA	getJetFoot candidate did not match robust getBase outer base
2820	8	0.02	0.590000	0.0375275743	7.10088046	0.0375275743	0.0375275743	-0.7851562	0.3710938	1	NA	NA	getJetFoot candidate did not match robust getBase outer base
2820	8	0.02	0.600000	0.107571774	7.02798451	0.107571774	0.107571774	-0.7851562	0.4492188	1	NA	NA	getJetFoot candidate did not match robust getBase outer base
2820	8	0.02	0.610000	0.178087265	7.23370268	0.178087265	0.178087265	-0.7460938	0.4101562	1	NA	NA	getJetFoot candidate did not match robust getBase outer base
2820	8	0.02	0.620000	0.252245827	7.53920459	0.252245827	0.252245827	-0.7460938	0.4492188	1	NA	NA	getJetFoot candidate did not match robust getBase outer base
2820	8	0.02	0.630000	0.328871356	7.63037195	0.328871356	0.328871356	-0.7070312	0.4101562	1	NA	NA	getJetFoot candidate did not match robust getBase outer base
2820	8	0.02	0.640000	0.404853266	7.31322554	0.404853266	0.404853266	-0.7070312	0.4492188	1	NA	NA	getJetFoot candidate did not match robust getBase outer base
2820	8	0.02	0.650000	0.475135867	6.2800643	0.475135867	0.475135867	-0.7070312	0.4882812	1	NA	NA	getJetFoot candidate did not match robust getBase outer base
2820	8	0.02	0.660000	0.530454552	4.83373837	0.530454552	0.530454552	-0.6679688	0.4492188	1	NA	NA	getJetFoot candidate did not match robust getBase outer base
2820	8	0.02	0.670000	0.571810634	3.70648124	0.571810634	0.571810634	-0.6679688	0.4882812	1	NA	NA	getJetFoot candidate did not match robust getBase outer base
2820	8	0.02	0.680000	0.604584177	2.56257712	0.604584177	0.604584177	-0.6679688	0.5273438	1	NA	NA	getJetFoot candidate did not match robust getBase outer base
2820	8	0.02	0.690000	0.623062177	1.13302286	0.623062177	0.623062177	-0.6679688	0.5664062	1	NA	NA	getJetFoot candidate did not match robust getBase outer base
2810	10	0.01	0.400000	-1.73644987	1.1785236	0.0281923558	0.0281923558	-1.756836	0.1123047	1	NA	NA	getJetFoot candidate did not match robust getBase outer base
2810	10	0.01	0.410000	-1.7357225	-0.871411046	0.028408086	0.028408086	-1.737305	0.004882812	1	NA	NA	getJetFoot candidate did not match robust getBase outer base
2810	10	0.01	0.420000	-1.75387809	1.91735375	0.0286411006	0.0286411006	-1.756836	0.004882812	1	NA	NA	getJetFoot candidate did not match robust getBase outer base
2810	10	0.01	0.430000	-1.69737542	9.0516947	0.0289070999	0.0289070999	-1.698242	0.004882812	1	NA	NA	getJetFoot candidate did not match robust getBase outer base
2810	10	0.01	0.440000	-1.5728442	13.718332	0.0292333112	0.0292333112	-1.639648	0.1220703	1	NA	NA	getJetFoot candidate did not match robust getBase outer base
2810	10	0.01	0.450000	-1.42300878	25.4727035	0.0296077212	0.0296077212	-1.454102	0.06347656	1	NA	NA	getJetFoot candidate did not match robust getBase outer base
2810	10	0.01	0.460000	-1.06339013	32.3693146	0.0300623013	0.0300623013	-1.307617	0.1025391	2	NA	NA	getJetFoot candidate did not match robust getBase outer base
2810	10	0.01	0.470000	-0.775622489	27.6414212	0.0306070043	0.0306070043	-1.209961	0.1416016	1	NA	NA	getJetFoot candidate did not match robust getBase outer base
2810	10	0.01	0.480000	-0.510561703	25.8427006	0.0311997419	0.0311997419	-1.131836	0.1708984	1	NA	NA	getJetFoot candidate did not match robust getBase outer base
2810	10	0.01	0.490000	-0.258768478	24.8412005	0.0318385216	0.0318385216	-1.073242	0.2001953	1	NA	NA	getJetFoot candidate did not match robust getBase outer base
2810	10	0.01	0.500000	-0.0137376941	24.1489313	0.0325309209	0.0325309209	-1.024414	0.2294922	1	NA	NA	getJetFoot candidate did not match robust getBase outer base
2810	10	0.01	0.510000	0.224210149	15.1497106	0.224210149	0.224210149	-0.9853516	0.2587891	1	NA	NA	getJetFoot candidate did not match robust getBase outer base
2810	10	0.01	0.520000	0.289256517	10.34603	0.460039052	0.289256517	-0.9462891	0.2685547	2	NA	NA	getJetFoot candidate did not match robust getBase outer base
2810	10	0.01	0.530000	0.431130749	16.0935501	0.695293322	0.431130749	-0.9169922	0.2978516	2	NA	NA	getJetFoot candidate did not match robust getBase outer base
2810	10	0.01	0.540000	0.61112752	18.0712596	0.949947878	0.61112752	-0.8876953	0.3173828	2	NA	NA	getJetFoot candidate did not match robust getBase outer base
2810	10	0.01	0.550000	0.792555941	18.1516005	1.18846006	0.792555941	-0.8583984	0.3173828	2	NA	NA	getJetFoot candidate did not match robust getBase outer base
2810	10	0.01	0.560000	0.97415953	17.9533712	1.42188519	0.97415953	-0.8388672	0.3466797	2	NA	NA	getJetFoot candidate did not match robust getBase outer base
2810	10	0.01	0.570000	1.15162337	6.06212718	1.66187278	1.15162337	-0.8193359	0.3759766	2	NA	NA	getJetFoot candidate did not match robust getBase outer base
2810	10	0.01	0.580000	1.09540207	3.83746293	1.90912257	1.09540207	-0.7998047	0.3857422	3	NA	NA	getJetFoot candidate did not match robust getBase outer base
2810	10	0.01	0.590000	1.22837262	13.3115682	2.14552995	1.22837262	-0.7802734	0.3955078	3	NA	NA	getJetFoot candidate did not match robust getBase outer base
2810	10	0.01	0.600000	1.36163344	13.1457753	2.37859379	1.36163344	-0.7607422	0.3955078	3	NA	NA	getJetFoot candidate did not match robust getBase outer base
2810	10	0.01	0.610000	1.49128813	12.7303835	2.61951888	1.49128813	-0.7509766	0.4443359	3	NA	NA	getJetFoot candidate did not match robust getBase outer base
2810	10	0.01	0.620000	1.61624111	12.1084295	2.86046906	1.61624111	-0.7314453	0.4345703	3	NA	NA	getJetFoot candidate did not match robust getBase outer base
2810	10	0.01	0.630000	1.73345672	11.4941119	3.09412014	1.73345672	-0.7216797	0.4638672	3	NA	NA	getJetFoot candidate did not match robust getBase outer base
2810	10	0.01	0.640000	1.84612335	11.2412929	3.32774916	1.84612335	-0.7021484	0.4541016	3	NA	NA	getJetFoot candidate did not match robust getBase outer base
2810	10	0.01	0.650000	1.95828258	11.2394929	3.56656057	1.95828258	-0.6923828	0.4736328	3	NA	NA	getJetFoot candidate did not match robust getBase outer base
2810	10	0.01	0.660000	2.0709132	11.2641735	3.80286115	2.0709132	-0.6826172	0.4931641	3	NA	NA	getJetFoot candidate did not match robust getBase outer base
2810	10	0.01	0.670000	2.18356605	10.9662562	4	2.18356605	-0.6728516	0.5126953	3	NA	NA	getJetFoot candidate did not match robust getBase outer base
2810	10	0.01	0.680000	2.29023833	10.4063345	3.11510938	2.29023833	-0.6630859	0.5322266	2	NA	NA	getJetFoot candidate did not match robust getBase outer base
2810	10	0.01	0.690000	2.39169274	9.88454761	3.2899002	2.39169274	-0.6533203	0.5419922	2	NA	NA	getJetFoot candidate did not match robust getBase outer base
