time_s	time_after_contact_ms	ring_center_lab_m	all_water_top_m	coherent_top_m	coherent_top_radius_m	central_coherent_top_m	detached_water_top_m	water_samples	coherent_samples	detached_samples
0.138	0.833333333	0.000426807606676	-0.000573492393324	-0.000573492393324	0	-0.000573492393324	nan	36285	36285	0
0.139	1.83333333	-0.000861338229079	-0.000861638229079	-0.000861638229079	0	-0.000861638229079	nan	36391	36391	0
0.14	2.83333333	-0.00210745610567	-0.000107756105665	-0.000107756105665	0	-0.000107756105665	nan	36501	36501	0
0.141	3.83333333	-0.00331465726619	-0.000314957266191	-0.000314957266191	0	-0.000314957266191	-0.00131495726619	36710	36706	4
0.142	4.83333333	-0.00448582263486	-0.000486122634856	-0.000486122634856	0	-0.000486122634856	-0.00148612263486	36823	36813	10
0.143	5.83333333	-0.00562361986698	0.000376070133016	0.000376070133016	0	0.000376070133016	-0.00162391986698	36940	36926	14
0.144	6.83333333	-0.00673051913688	0.000269170863121	0.000269170863121	0	0.000269170863121	-0.00173082913688	37057	37038	19
0.145	7.83333333	-0.00780880775694	0.00019088224306	0.00019088224306	0	0.00019088224306	-0.00180911775694	37176	37152	24
0.146	8.83333333	-0.00886060371455	0.000139086285454	0.000139086285454	0	0.000139086285454	-0.00186091371455	37297	37267	30
0.147	9.83333333	-0.00988786820684	0.000111821793161	0.000111821793161	0	0.000111821793161	-0.00188817820684	37418	37381	37
0.148	10.8333333	-0.0108924172476	0.000107282752414	0.000107282752414	0	0.000107282752414	-0.00189272724759	37536	37493	43
0.149	11.8333333	-0.0118759324148	0.000123767585201	0.000123767585201	0	0.000123767585201	-0.0018762424148	37652	37604	48
0.15	12.8333333	-0.0128399708027	0.000159729197261	0.000159729197261	0	0.000159729197261	-0.00284028080274	37766	37734	32
0.151	13.8333333	-0.0137859742372	0.000213725762806	0.000213725762806	0	0.000213725762806	-0.00278627423719	37878	37842	36
0.152	14.8333333	-0.0147152778086	0.000284422191439	0.000284422191439	0	0.000284422191439	-0.00271557780856	37992	37952	40
0.153	15.8333333	-0.0156291177733	0.00037058222675	0.00037058222675	0	0.00037058222675	-0.00262941777325	38101	38058	43
0.154	16.8333333	-0.0165286388702	0.00047106112984	0.00047106112984	0	0.00047106112984	-0.00352893887016	38213	38167	46
0.155	17.8333333	-0.0174149010955	0.000584798904469	0.000584798904469	0	0.000584798904469	nan	38326	38326	0
0.156	18.8333333	-0.0182888859763	0.000710814023732	0.000710814023732	0	0.000710814023732	nan	38444	38444	0
0.157	19.8333333	-0.0191515023789	0.000848197621135	0.000848197621135	0	0.000848197621135	nan	38523	38523	0
0.158	20.8333333	-0.0200035918883	-3.89188830239e-06	-3.89188830239e-06	0	-3.89188830239e-06	nan	38589	38589	0
0.159	21.8333333	-0.0208459337888	0.000153766211237	0.000153766211237	0	0.000153766211237	nan	38691	38691	0
0.16	22.8333333	-0.0216792496756	0.00032045032437	0.00032045032437	0	0.00032045032437	nan	38800	38800	0
0.161	23.8333333	-0.0225042077261	0.000495492273934	0.000495492273934	0	0.000495492273934	nan	38908	38908	0
0.162	24.8333333	-0.0233214266535	0.000678273346541	0.000678273346541	0	0.000678273346541	nan	39020	39020	0
0.163	25.8333333	-0.0241314793691	0.000868220630878	0.000868220630878	0	0.000868220630878	nan	39133	39133	0
0.164	26.8333333	-0.0249348963729	6.48036270769e-05	6.48036270769e-05	0	6.48036270769e-05	nan	39174	39174	0
0.165	27.8333333	-0.0257321688929	0.000267531107078	0.000267531107078	0	0.000267531107078	nan	39262	39262	0
0.166	28.8333333	-0.0265237517926	0.000475948207423	0.000475948207423	0	0.000475948207423	nan	39359	39359	0
0.167	29.8333333	-0.0273100662627	0.000689633737256	0.000689633737256	0	0.000689633737256	nan	39469	39469	0
0.168	30.8333333	-0.0280915023144	-9.18023143886e-05	-9.18023143886e-05	0	-9.18023143886e-05	nan	39581	39581	0
0.169	31.8333333	-0.0288684210868	0.000131278913231	0.000131278913231	0	0.000131278913231	nan	39613	39613	0
0.17	32.8333333	-0.0296411569847	0.000358543015251	0.000358543015251	0	0.000358543015251	nan	39707	39707	0
0.171	33.8333333	-0.0304100196579	0.000589680342109	0.000589680342109	0	0.000589680342109	nan	39823	39823	0
0.172	34.8333333	-0.031175295833	-0.000175595833039	-0.000175595833039	0	-0.000175595833039	nan	39927	39927	0
0.173	35.8333333	-0.0319372510112	6.244898876e-05	6.244898876e-05	0	6.244898876e-05	nan	39953	39953	0
0.174	36.8333333	-0.032696131039	0.000303568960954	0.000303568960954	0	0.000303568960954	nan	40051	40051	0
0.175	37.8333333	-0.0334521635635	0.000547536436504	0.000547536436504	0	0.000547536436504	nan	40158	40158	0
0.176	38.8333333	-0.0342055593794	-0.000205859379389	-0.000205859379389	0	-0.000205859379389	nan	40269	40269	0
0.177	39.8333333	-0.0349565136768	4.31863231807e-05	4.31863231807e-05	0	4.31863231807e-05	nan	40295	40295	0
0.178	40.8333333	-0.0357052071964	0.000294492803638	0.000294492803638	0	0.000294492803638	nan	40401	40401	0
0.179	41.8333333	-0.0364518072987	0.000547892701261	0.000547892701261	0	0.000547892701261	nan	40511	40511	0
0.18	42.8333333	-0.0371964689553	-0.000196768955306	-0.000196768955306	0	-0.000196768955306	nan	40630	40630	0
0.181	43.8333333	-0.0379393356652	6.03643347957e-05	6.03643347957e-05	0	6.03643347957e-05	nan	40654	40654	0
0.182	44.8333333	-0.0386805403046	0.000319159695366	0.000319159695366	0	0.000319159695366	nan	40760	40760	0
0.183	45.8333333	-0.0394202059132	0.000579494086757	0.000579494086757	0	0.000579494086757	nan	40863	40863	0
0.184	46.8333333	-0.0401584464223	0.000841253577692	0.000841253577692	0	0.000841253577692	nan	40970	40970	0
0.185	47.8333333	-0.040895367329	0.00110433267099	0.00110433267099	0	0.00110433267099	-0.00189566732901	40995	40880	115
0.186	48.8333333	-0.0416310663208	0.000368633679219	0.000368633679219	0	0.000368633679219	-0.00163136632078	41103	40987	116
0.187	49.8333333	-0.0423656338535	0.000634066146529	0.000634066146529	0	0.000634066146529	-0.00136593385347	41212	41097	115
0.188	50.8333333	-0.0430991536867	0.000900546313341	0.000900546313341	0	0.000900546313341	-0.00109945368666	41330	41214	116
0.189	51.8333333	-0.0438317033794	0.00116799662062	0.00116799662062	0	0.00116799662062	-0.000832003379377	41348	41230	118
0.19	52.8333333	-0.0445633547491	0.00143634525088	0.00143634525088	0	0.00143634525088	-0.0195636547491	41470	41467	3
0.191	53.8333333	-0.0452941742969	0.000705525703108	0.000705525703108	0	0.000705525703108	-0.0172944742969	41592	41589	3
0.192	54.8333333	-0.0460242236008	0.00097547639925	0.00097547639925	0	0.00097547639925	nan	41620	41620	0
0.193	55.8333333	-0.0467535596803	0.00124614031973	0.00124614031973	0	0.00124614031973	nan	41723	41723	0
0.194	56.8333333	-0.047482235334	0.00151746466604	0.00151746466604	0	0.00151746466604	-0.011482535334	41833	41831	2
0.195	57.8333333	-0.0482102994518	0.0017893005482	0.0017893005482	0	0.0017893005482	-0.0102105994518	41861	41860	1
0.196	58.8333333	-0.0489377973045	0.00206180269547	0.00206180269547	0	0.00206180269547	-0.00793809730453	41973	41972	1
0.197	59.8333333	-0.0496647708116	0.00233482918843	0.00233482918843	0	0.00233482918843	nan	42075	42075	0
0.198	60.8333333	-0.0503912587892	0.00260834121084	0.00260834121084	0	0.00260834121084	nan	42163	42163	0
0.199	61.8333333	-0.05111729718	0.00288230281996	0.00288230281996	0	0.00288230281996	-0.00211759718004	42218	42217	1
0.2	62.8333333	-0.051858032191	0.00314156780899	0.00314156780899	0	0.00314156780899	-0.000858432191012	42332	42327	5
0.201	63.8333333	-0.0525832610707	0.00341633892929	0.00341633892929	0	0.00341633892929	0.000416338929292	42445	42443	2
0.202	64.8333333	-0.0533081335721	0.00369146642788	0.00369146642788	0	0.00369146642788	0.000691466427885	42495	42494	1
0.203	65.8333333	-0.0540326760772	0.00396692392282	0.00396692392282	0	0.00396692392282	0.00196692392282	42584	42583	1
0.204	66.8333333	-0.0547569130149	0.00324268698514	0.00324268698514	0	0.00324268698514	nan	42697	42697	0
0.205	67.8333333	-0.0554808670057	0.00351873299433	0.00351873299433	0	0.00351873299433	0.00251873299433	42800	42799	1
0.206	68.8333333	-0.0562045589956	0.00379504100441	0.00379504100441	0	0.00379504100441	nan	42840	42840	0
0.207	69.8333333	-0.05692800838	0.00407159162	0.00407159162	0	0.00407159162	0.00407159162	42951	42868	83
0.208	70.8333333	-0.0576512331185	0.00434836688152	0.00434836688152	0	0.00434836688152	0.00434836688152	43065	42986	79
0.209	71.8333333	-0.0583832863004	0.0046163136996	0.0046163136996	0	0.0046163136996	0.0046163136996	43110	43034	76
0.21	72.8333333	-0.059106108091	0.00489349190902	0.00489349190902	0	0.00489349190902	0.00489349190902	43200	43118	82
0.211	73.8333333	-0.0598287516951	0.00517084830489	0.00517084830489	0	0.00517084830489	0.00417084830489	43313	43312	1
0.212	74.8333333	-0.0605512303036	0.00544836969643	0.00544836969643	0	0.00544836969643	nan	43377	43377	0
0.213	75.8333333	-0.0612735561306	0.00572604386936	0.00572604386936	0	0.00572604386936	nan	43462	43462	0
0.214	76.8333333	-0.0619957404864	0.00600385951357	0.00600385951357	0	0.00600385951357	0.00600385951357	43576	43575	1
0.215	77.8333333	-0.0627177938437	0.00628180615626	0.00628180615626	0	0.00628180615626	nan	43644	43644	0
0.216	78.8333333	-0.0634397259001	0.00555987409985	0.00555987409985	0	0.00555987409985	nan	43713	43713	0
0.217	79.8333333	-0.0641615456353	0.00583805436471	0.00583805436471	0	0.00583805436471	-0.0191618456353	43821	43820	1
0.218	80.8333333	-0.0648832613641	0.00611633863593	0.00611633863593	0	0.00611633863593	-0.0418835613641	43905	43865	40
0.219	81.8333333	-0.0656048807859	0.00639471921411	0.00639471921411	0	0.00639471921411	-0.0626051807859	43968	43965	3
0.22	82.8333333	-0.0663264110301	0.00667318896986	0.00667318896986	0	0.00667318896986	-0.0433267110301	44079	44038	41
0.221	83.8333333	-0.0670478586984	0.00695174130155	0.00695174130155	0	0.00695174130155	-0.0430481586984	44179	44136	43
0.222	84.8333333	-0.0677692299037	0.00723037009626	0.00723037009626	0	0.00723037009626	-0.0417695299037	44242	44201	41
0.223	85.8333333	-0.0684905303064	0.00750906969357	0.00750906969357	0	0.00750906969357	-0.0444908303064	44327	44288	39
0.224	86.8333333	-0.0692117651479	0.00778783485212	0.00778783485212	0	0.00778783485212	-0.0452120651479	44446	44404	42
0.225	87.8333333	-0.0699329392815	0.00806666071855	0.00806666071855	0	0.00806666071855	-0.0439332392815	44515	44472	43
0.226	88.8333333	-0.0706540572012	0.00834554279878	0.00834554279878	0	0.00834554279878	-0.0356543572012	44580	44525	55
0.227	89.8333333	-0.0713751230686	0.00862447693141	0.00862447693141	0	0.00862447693141	-0.0373754230686	44686	44628	58
0.228	90.8333333	-0.0720961407369	0.00890345926312	0.00890345926312	0	0.00890345926312	-0.0330964407369	44801	44737	64
0.229	91.8333333	-0.0728171137742	0.00918248622582	0.00918248622582	0	0.00918248622582	-0.0318174137742	44847	44841	6
0.23	92.8333333	-0.0735380454844	0.00946155451558	0.00946155451558	0	0.00946155451558	nan	44957	44957	0
0.231	93.8333333	-0.074258938927	0.00974066107304	0.00974066107304	0	0.00974066107304	-0.031259238927	45073	45058	15
0.232	94.8333333	-0.0749797969347	0.0100198030653	0.0100198030653	0	0.0100198030653	-0.0379800969347	45137	45122	15
0.233	95.8333333	-0.0757006221307	0.0102989778693	0.0102989778693	0	0.0102989778693	-0.0337009221307	45225	45218	7
0.234	96.8333333	-0.0764214169441	0.00957818305586	0.00957818305586	0	0.00957818305586	-0.0124218169441	45337	45323	14
0.235	97.8333333	-0.077142183624	0.00985741637597	0.00985741637597	0	0.00985741637597	-0.011142583624	45410	45395	15
0.236	98.8333333	-0.0778629242531	0.0101366757469	0.0101366757469	0	0.0101366757469	-0.0358632242531	45499	45493	6
0.237	99.8333333	-0.0785836407598	0.0104159592402	0.0104159592402	0	0.0104159592402	-0.00358404075976	45632	45631	1
0.238	100.833333	-0.0793043349298	0.0106952650702	0.0106952650702	0	0.0106952650702	-0.0293047349298	45712	45705	7
0.239	101.833333	-0.0800250084168	0.0109745915832	0.0109745915832	0	0.0109745915832	-0.0230254084168	45795	45794	1
0.24	102.833333	-0.0807456627518	0.0112539372482	0.0112539372482	0	0.0112539372482	-0.0227460627518	45915	45914	1
0.241	103.833333	-0.0814662993526	0.0115333006474	0.0115333006474	0	0.0115333006474	nan	46015	46015	0
0.242	104.833333	-0.0821869195321	0.0118126804679	0.0118126804679	0	0.0118126804679	-0.000187319532115	46084	46083	1
0.243	105.833333	-0.0829075245059	0.0120920754941	0.0120920754941	0	0.0120920754941	nan	46204	46204	0
0.244	106.833333	-0.0836281153995	0.0123714846005	0.0123714846005	0	0.0123714846005	-0.0266285153995	46322	46320	2
0.245	107.833333	-0.0843486932555	0.0116509067445	0.0116509067445	0	0.0116509067445	0.00165090674452	46378	46374	4
0.246	108.833333	-0.0850692590388	0.0119303409612	0.0119303409612	0	0.0119303409612	nan	46482	46482	0
0.247	109.833333	-0.0857898136433	0.0122097863567	0.0122097863567	0	0.0122097863567	0.00320978635674	46598	46597	1
0.248	110.833333	-0.0865103578964	0.0124892421036	0.0124892421036	0	0.0124892421036	0.00348924210362	46685	46684	1
0.249	111.833333	-0.0872308925644	0.0127687074356	0.0127687074356	0	0.0127687074356	0.00476870743556	46753	46752	1
0.25	112.833333	-0.087951418357	0.013048581643	0.013048581643	0	0.013048581643	0.00504818164298	46868	46867	1
0.251	113.833333	-0.0886719359312	0.0133280640688	0.0133280640688	0	0.0133280640688	0.00532766406885	46992	46990	2
0.252	114.833333	-0.0893924458952	0.0136075541048	0.0136075541048	0	0.0136075541048	0.00560715410478	47038	47036	2
0.253	115.833333	-0.0901129488126	0.0138870511874	0.0138870511874	0	0.0138870511874	0.0068866511874	47144	47142	2
0.254	116.833333	-0.0908334452049	0.0131665547951	0.0131665547951	0	0.0131665547951	0.00716615479508	47260	47253	7
0.255	117.833333	-0.0915539355552	0.0134460644448	0.0134460644448	0	0.0134460644448	nan	47307	47307	0
0.256	118.833333	-0.0922744203108	0.0137255796892	0.0137255796892	0	0.0137255796892	0.00872557968919	47427	47425	2
0.257	119.833333	-0.0929948998858	0.0140051001142	0.0140051001142	0	0.0140051001142	0.00900510011418	47544	47543	1
0.258	120.833333	-0.0937153746638	0.0142846253362	0.0142846253362	0	0.0142846253362	0.00928462533623	47591	47590	1
0.259	121.833333	-0.0944358449998	0.0145641550002	0.0145641550002	0	0.0145641550002	0.00956415500023	47701	47694	7
0.26	122.833333	-0.0951563112227	0.0148436887773	0.0148436887773	0	0.0148436887773	0.00984368877734	47813	47808	5
0.261	123.833333	-0.0958767736369	0.0141232263631	0.0141232263631	0	0.0141232263631	0.0101232263631	47887	47880	7
0.262	124.833333	-0.0965972325245	0.0144027674755	0.0144027674755	0	0.0144027674755	0.0104027674755	47963	47957	6
0.263	125.833333	-0.0973176881465	0.0146823118535	0.0146823118535	0	0.0146823118535	0.0106823118535	48081	48076	5
0.264	126.833333	-0.0980381407445	0.0149618592555	0.0149618592555	0	0.0149618592555	0.0109618592555	48194	48188	6
0.265	127.833333	-0.0987585905426	0.0152414094574	0.0152414094574	0	0.0152414094574	0.0112414094574	48251	48243	8
0.266	128.833333	-0.099479037748	0.015520962252	0.015520962252	0	0.015520962252	0.011520962252	48348	48343	5
0.267	129.833333	-0.100199482553	0.0158005174475	0.0158005174475	0	0.0158005174475	0.0118005174475	48466	48465	1
0.268	130.833333	-0.100919925134	0.015080074866	0.015080074866	0	0.015080074866	0.012080074866	48565	48558	7
0.269	131.833333	-0.101640365657	0.0153596343431	0.0153596343431	0	0.0153596343431	0.0123596343431	48626	48617	9
0.27	132.833333	-0.102360804274	0.0156391957262	0.0156391957262	0	0.0156391957262	0.0126391957262	48728	48719	9
0.271	133.833333	-0.103081241126	0.0159187588744	0.0159187588744	0	0.0159187588744	0.0129187588744	48833	48825	8
0.272	134.833333	-0.103801676343	0.0161983236569	0.0161983236569	0	0.0161983236569	0.0131983236569	48896	48893	3
0.273	135.833333	-0.104522110047	0.0154778899528	0.0154778899528	0	0.0154778899528	0.0134778899528	48999	48998	1
0.274	136.833333	-0.10524254235	0.01575745765	0.01575745765	0	0.01575745765	0.01375745765	49112	49110	2
0.275	137.833333	-0.105962973355	0.0160370266448	0.0160370266448	0	0.0160370266448	0.0130370266448	49173	49172	1
0.276	138.833333	-0.106683403159	0.0163165968412	0.0163165968412	0	0.0163165968412	0.0133165968412	49275	49274	1
0.277	139.833333	-0.10740383185	0.0165961681501	0.0165961681501	0	0.0165961681501	0.0135961681501	49380	49379	1
0.278	140.833333	-0.108124259511	0.0158757404893	0.0158757404893	0	0.0158757404893	0.0138757404893	49439	49438	1
0.279	141.833333	-0.108844686218	0.0161553137824	0.0161553137824	0	0.0161553137824	0.0141553137824	49542	49541	1
0.28	142.833333	-0.109565112041	0.0164348879589	0.0164348879589	0	0.0164348879589	0.0144348879589	49650	49649	1
0.281	143.833333	-0.110285537047	0.0167144629533	0.0167144629533	0	0.0167144629533	0.0147144629533	49758	49757	1
0.282	144.833333	-0.111005961295	0.0169940387051	0.0169940387051	0	0.0169940387051	0.0149940387051	49806	49803	3
0.283	145.833333	-0.111726384842	0.0162736151583	0.0162736151583	0	0.0162736151583	0.0152736151583	49910	49909	1
0.284	146.833333	-0.112446807739	0.0165531922608	0.0165531922608	0	0.0165531922608	0.0155531922608	50017	50011	6
0.285	147.833333	-0.113167230035	0.0168327699647	0.0168327699647	0	0.0168327699647	0.0158327699647	50079	50072	7
0.286	148.833333	-0.113887651775	0.0171123482254	0.0171123482254	0	0.0171123482254	0.0161123482254	50176	50170	6
0.287	149.833333	-0.114608072998	0.0173919270017	0.0173919270017	0	0.0173919270017	0.0163919270017	50279	50272	7
0.288	150.833333	-0.115328493745	0.0166715062555	0.0166715062555	0	0.0166715062555	0.0166715062555	50381	50375	6
0.289	151.833333	-0.116048914049	0.0169510859513	0.0169510859513	0	0.0169510859513	0.0159510859513	50434	50425	9
0.29	152.833333	-0.116769333943	0.0172306660565	0.0172306660565	0	0.0172306660565	0.0162306660565	50537	50528	9
0.291	153.833333	-0.117489753459	0.0175102465408	0.0175102465408	0	0.0175102465408	0.0165102465408	50644	50637	7
0.292	154.833333	-0.118210172624	0.0167898273761	0.0167898273761	0	0.0167898273761	0.0157898273761	50721	50720	1
0.293	155.833333	-0.118930591464	0.0170694085363	0.0170694085363	0	0.0170694085363	0.0160694085363	50799	50798	1
0.294	156.833333	-0.119651010002	0.0173489899976	0.0173489899976	0	0.0173489899976	0.0163489899976	50902	50901	1
0.295	157.833333	-0.120371428263	0.0176285717374	0.0176285717374	0	0.0176285717374	0.0166285717374	51008	51007	1
0.296	158.833333	-0.121091846265	0.0169081537354	0.0169081537354	0	0.0169081537354	0.0169081537354	51071	51069	2
0.297	159.833333	-0.121812264028	0.0171877359723	0.0171877359723	0	0.0171877359723	0.0161877359723	51161	51160	1
0.298	160.833333	-0.12253268157	0.0174673184304	0.0174673184304	0	0.0174673184304	0.0164673184304	51257	51256	1
0.299	161.833333	-0.123253098907	0.0177469010934	0.0177469010934	0	0.0177469010934	0.0167469010934	51325	51324	1
