time,time_s,H_axis_near,H_axis_near_raw,H_axis_near_min,H_center_region,H_center_region_raw,H_center_region_min,H_robust_main_interface,H_raw_global,axis_interface_points_count,center_interface_points_count,number_of_interface_components,main_component_length,axis_component_length,center_component_length,pseudo_spike_flag,near_top_flag,late_time_flag,cavity_or_rebound_proxy_m,H_m,H_mm
0.0,0.0,nan,nan,nan,6.233936263432989e-05,6.526254096403735e-05,6.798974369888121e-06,8.12441724491838e-05,8.474977502194332e-05,0,2,2,0.00794246972682629,0.0,0.0010520470055726296,False,False,False,5.554038826444176e-05,6.233936263432989e-05,0.06233936263432989
0.0001,0.0001,nan,nan,nan,6.233936263432989e-05,6.526254096403735e-05,6.798974369888122e-06,8.12441724491838e-05,8.474977502194332e-05,0,2,2,0.00794246972682629,0.0,0.0010520470055726296,False,False,False,5.554038826444176e-05,6.233936263432989e-05,0.06233936263432989
0.0002,0.0002,nan,nan,nan,6.233936263432989e-05,6.526254096403735e-05,6.798974369888121e-06,8.12441724491838e-05,8.474977502194332e-05,0,2,2,0.00794246972682629,0.0,0.0010520470055726296,False,False,False,5.554038826444176e-05,6.233936263432989e-05,0.06233936263432989
0.00030000000000000003,0.00030000000000000003,nan,nan,nan,6.233936263432989e-05,6.526254096403735e-05,6.798974369888121e-06,8.12441724491838e-05,8.474977502194332e-05,0,2,2,0.00794246972682629,0.0,0.0010520470055726296,False,False,False,5.554038826444176e-05,6.233936263432989e-05,0.06233936263432989
0.0004,0.0004,nan,nan,nan,6.233936263432989e-05,6.526254096403735e-05,6.798974369888121e-06,8.12441724491838e-05,8.474977502194332e-05,0,2,2,0.00794246972682629,0.0,0.0010520470055726296,False,False,False,5.554038826444176e-05,6.233936263432989e-05,0.06233936263432989
0.0005,0.0005,nan,nan,nan,6.233936263432989e-05,6.526254096403735e-05,6.79897436988812e-06,8.12441724491838e-05,8.474977502194332e-05,0,2,2,0.00794246972682629,0.0,0.0010520470055726296,False,False,False,5.554038826444177e-05,6.233936263432989e-05,0.06233936263432989
0.0006000000000000001,0.0006000000000000001,nan,nan,nan,6.233936263432989e-05,6.526254096403735e-05,6.798974369888121e-06,8.12441724491838e-05,8.474977502194332e-05,0,2,2,0.00794246972682629,0.0,0.0010520470055726296,False,False,False,5.554038826444176e-05,6.233936263432989e-05,0.06233936263432989
0.0007,0.0007,nan,nan,nan,6.233936263432989e-05,6.526254096403735e-05,6.798974369888121e-06,8.12441724491838e-05,8.474977502194332e-05,0,2,2,0.00794246972682629,0.0,0.0010520470055726296,False,False,False,5.554038826444176e-05,6.233936263432989e-05,0.06233936263432989
0.0008,0.0008,nan,nan,nan,6.233936263432989e-05,6.526254096403735e-05,6.798974369888121e-06,8.12441724491838e-05,8.474977502194332e-05,0,2,2,0.00794246972682629,0.0,0.0010520470055726296,False,False,False,5.554038826444176e-05,6.233936263432989e-05,0.06233936263432989
0.0009000000000000001,0.0009000000000000001,nan,nan,nan,6.233936263432989e-05,6.526254096403735e-05,6.79897436988812e-06,8.12441724491838e-05,8.474977502194332e-05,0,2,2,0.00794246972682629,0.0,0.0010520470055726296,False,False,False,5.554038826444177e-05,6.233936263432989e-05,0.06233936263432989
0.001,0.001,nan,nan,nan,6.233936263432989e-05,6.526254096403735e-05,6.798974369888121e-06,8.12441724491838e-05,8.474977502194331e-05,0,2,2,0.00794246972682629,0.0,0.0010520470055726296,False,False,False,5.554038826444176e-05,6.233936263432989e-05,0.06233936263432989
0.0011,0.0011,nan,nan,nan,6.233936263432989e-05,6.526254096403735e-05,6.798974369888121e-06,8.124417244918381e-05,8.474977502194334e-05,0,2,2,0.00794246972682629,0.0,0.0010520470055726296,False,False,False,5.554038826444176e-05,6.233936263432989e-05,0.06233936263432989
0.0012000000000000001,0.0012000000000000001,nan,nan,nan,6.233936263432989e-05,6.526254096403735e-05,6.798974369888121e-06,8.12441724491838e-05,8.474977502194332e-05,0,2,2,0.00794246972682629,0.0,0.0010520470055726296,False,False,False,5.554038826444176e-05,6.233936263432989e-05,0.06233936263432989
0.0013000000000000002,0.0013000000000000002,nan,nan,nan,6.233936263432989e-05,6.526254096403735e-05,6.798974369888121e-06,8.12441724491838e-05,8.474977502194332e-05,0,2,2,0.00794246972682629,0.0,0.0010520470055726296,False,False,False,5.554038826444176e-05,6.233936263432989e-05,0.06233936263432989
0.0014,0.0014,nan,nan,nan,6.233936263432989e-05,6.526254096403735e-05,6.798974369888121e-06,8.12441724491838e-05,8.474977502194332e-05,0,2,2,0.00794246972682629,0.0,0.0010520470055726296,False,False,False,5.554038826444176e-05,6.233936263432989e-05,0.06233936263432989
0.0015,0.0015,nan,nan,nan,6.233936263432989e-05,6.526254096403735e-05,6.798974369888121e-06,8.12441724491838e-05,8.474977502194332e-05,0,2,2,0.00794246972682629,0.0,0.0010520470055726296,False,False,False,5.554038826444176e-05,6.233936263432989e-05,0.06233936263432989
0.0016,0.0016,nan,nan,nan,6.233936263432989e-05,6.526254096403735e-05,6.798974369888121e-06,8.12441724491838e-05,8.474977502194332e-05,0,2,2,0.00794246972682629,0.0,0.0010520470055726296,False,False,False,5.554038826444176e-05,6.233936263432989e-05,0.06233936263432989
0.0017000000000000001,0.0017000000000000001,nan,nan,nan,6.233936263432989e-05,6.526254096403735e-05,6.798974369888121e-06,8.124417244918381e-05,8.474977502194334e-05,0,2,2,0.00794246972682629,0.0,0.0010520470055726296,False,False,False,5.554038826444176e-05,6.233936263432989e-05,0.06233936263432989
0.0018000000000000002,0.0018000000000000002,nan,nan,nan,6.233936263432989e-05,6.526254096403735e-05,6.798974369888122e-06,8.12441724491838e-05,8.474977502194332e-05,0,2,2,0.00794246972682629,0.0,0.0010520470055726296,False,False,False,5.554038826444176e-05,6.233936263432989e-05,0.06233936263432989
0.0019,0.0019,nan,nan,nan,6.233936263432989e-05,6.526254096403735e-05,6.798974369888121e-06,8.12441724491838e-05,8.474977502194332e-05,0,2,2,0.00794246972682629,0.0,0.0010520470055726296,False,False,False,5.554038826444176e-05,6.233936263432989e-05,0.06233936263432989
0.002,0.002,nan,nan,nan,6.233936263432989e-05,6.526254096403735e-05,6.798974369888121e-06,8.12441724491838e-05,8.474977502194332e-05,0,2,2,0.00794246972682629,0.0,0.0010520470055726296,False,False,False,5.554038826444176e-05,6.233936263432989e-05,0.06233936263432989
0.0021000000000000003,0.0021000000000000003,nan,nan,nan,6.233936263432989e-05,6.526254096403735e-05,6.798974369888121e-06,8.12441724491838e-05,8.474977502194331e-05,0,2,2,0.00794246972682629,0.0,0.0010520470055726296,False,False,False,5.554038826444176e-05,6.233936263432989e-05,0.06233936263432989
0.0022,0.0022,nan,nan,nan,6.233936263432989e-05,6.526254096403735e-05,6.798974369888121e-06,8.124417244918381e-05,8.474977502194334e-05,0,2,2,0.00794246972682629,0.0,0.0010520470055726296,False,False,False,5.554038826444176e-05,6.233936263432989e-05,0.06233936263432989
0.0023,0.0023,nan,nan,nan,6.233936263432989e-05,6.526254096403735e-05,6.798974369888121e-06,8.12441724491838e-05,8.474977502194332e-05,0,2,2,0.00794246972682629,0.0,0.0010520470055726296,False,False,False,5.554038826444176e-05,6.233936263432989e-05,0.06233936263432989
0.0024000000000000002,0.0024000000000000002,nan,nan,nan,6.233936263432989e-05,6.526254096403735e-05,6.798974369888121e-06,8.12441724491838e-05,8.474977502194332e-05,0,2,2,0.00794246972682629,0.0,0.0010520470055726296,False,False,False,5.554038826444176e-05,6.233936263432989e-05,0.06233936263432989
0.0025,0.0025,nan,nan,nan,6.233936263432989e-05,6.526254096403735e-05,6.798974369888121e-06,8.12441724491838e-05,8.474977502194332e-05,0,2,2,0.00794246972682629,0.0,0.0010520470055726296,False,False,False,5.554038826444176e-05,6.233936263432989e-05,0.06233936263432989
0.0026000000000000003,0.0026000000000000003,nan,nan,nan,6.233936263432989e-05,6.526254096403735e-05,6.798974369888121e-06,8.12441724491838e-05,8.474977502194332e-05,0,2,2,0.00794246972682629,0.0,0.0010520470055726296,False,False,False,5.554038826444176e-05,6.233936263432989e-05,0.06233936263432989
0.0027,0.0027,nan,nan,nan,6.233936263432989e-05,6.526254096403735e-05,6.798974369888121e-06,8.12441724491838e-05,8.474977502194332e-05,0,2,2,0.00794246972682629,0.0,0.0010520470055726296,False,False,False,5.554038826444176e-05,6.233936263432989e-05,0.06233936263432989
0.0028,0.0028,nan,nan,nan,6.233936263432989e-05,6.526254096403735e-05,6.798974369888121e-06,8.12441724491838e-05,8.474977502194332e-05,0,2,2,0.00794246972682629,0.0,0.0010520470055726296,False,False,False,5.554038826444176e-05,6.233936263432989e-05,0.06233936263432989
0.0029000000000000002,0.0029000000000000002,nan,nan,nan,6.233936263432989e-05,6.526254096403735e-05,6.798974369888122e-06,8.12441724491838e-05,8.474977502194332e-05,0,2,2,0.00794246972682629,0.0,0.0010520470055726296,False,False,False,5.554038826444176e-05,6.233936263432989e-05,0.06233936263432989
0.003,0.003,nan,nan,nan,6.233936263432989e-05,6.526254096403735e-05,6.798974369888122e-06,8.12441724491838e-05,8.474977502194332e-05,0,2,2,0.00794246972682629,0.0,0.0010520470055726296,False,False,False,5.554038826444176e-05,6.233936263432989e-05,0.06233936263432989
0.0031000000000000003,0.0031000000000000003,nan,nan,nan,6.233936263432989e-05,6.526254096403735e-05,6.798974369888121e-06,8.12441724491838e-05,8.474977502194332e-05,0,2,2,0.00794246972682629,0.0,0.0010520470055726296,False,False,False,5.554038826444176e-05,6.233936263432989e-05,0.06233936263432989
0.0032,0.0032,nan,nan,nan,6.233936263432989e-05,6.526254096403735e-05,6.798974369888121e-06,8.12441724491838e-05,8.474977502194332e-05,0,2,2,0.00794246972682629,0.0,0.0010520470055726296,False,False,False,5.554038826444176e-05,6.233936263432989e-05,0.06233936263432989
0.0033,0.0033,nan,nan,nan,6.233936263432989e-05,6.526254096403735e-05,6.798974369888122e-06,8.12441724491838e-05,8.474977502194332e-05,0,2,2,0.00794246972682629,0.0,0.0010520470055726296,False,False,False,5.554038826444176e-05,6.233936263432989e-05,0.06233936263432989
0.0034000000000000002,0.0034000000000000002,nan,nan,nan,6.233936263432989e-05,6.526254096403735e-05,6.798974369888121e-06,8.12441724491838e-05,8.474977502194332e-05,0,2,2,0.00794246972682629,0.0,0.0010520470055726296,False,False,False,5.554038826444176e-05,6.233936263432989e-05,0.06233936263432989
0.0035,0.0035,nan,nan,nan,6.233936263432989e-05,6.526254096403735e-05,6.798974369888121e-06,8.12441724491838e-05,8.474977502194332e-05,0,2,2,0.00794246972682629,0.0,0.0010520470055726296,False,False,False,5.554038826444176e-05,6.233936263432989e-05,0.06233936263432989
0.0036000000000000003,0.0036000000000000003,nan,nan,nan,6.233936263432989e-05,6.526254096403735e-05,6.798974369888122e-06,8.12441724491838e-05,8.474977502194332e-05,0,2,2,0.00794246972682629,0.0,0.0010520470055726296,False,False,False,5.554038826444176e-05,6.233936263432989e-05,0.06233936263432989
0.0037,0.0037,nan,nan,nan,6.233936263432989e-05,6.526254096403735e-05,6.798974369888121e-06,8.12441724491838e-05,8.474977502194332e-05,0,2,2,0.00794246972682629,0.0,0.0010520470055726296,False,False,False,5.554038826444176e-05,6.233936263432989e-05,0.06233936263432989
0.0038,0.0038,nan,nan,nan,6.233936263432989e-05,6.526254096403735e-05,6.798974369888121e-06,8.12441724491838e-05,8.474977502194332e-05,0,2,2,0.00794246972682629,0.0,0.0010520470055726296,False,False,False,5.554038826444176e-05,6.233936263432989e-05,0.06233936263432989
0.0039000000000000003,0.0039000000000000003,nan,nan,nan,6.233936263432989e-05,6.526254096403735e-05,6.798974369888121e-06,0.0001292522134324685,0.0001532150648842898,0,2,2,0.01314319438331767,0.0,0.0010520470055726296,False,False,False,5.554038826444176e-05,6.233936263432989e-05,0.06233936263432989
0.004,0.004,nan,nan,nan,6.233936263432989e-05,6.526254096403735e-05,6.798974369888121e-06,0.0001292522134324685,0.0001532150648842898,0,2,2,0.01314319438331767,0.0,0.0010520470055726296,False,False,False,5.554038826444176e-05,6.233936263432989e-05,0.06233936263432989
0.0041,0.0041,nan,nan,nan,6.233936263432989e-05,6.526254096403735e-05,6.798974369888121e-06,0.0001292522134324685,0.0001532150648842898,0,2,2,0.01314319438331767,0.0,0.0010520470055726296,False,False,False,5.554038826444176e-05,6.233936263432989e-05,0.06233936263432989
0.004200000000000001,0.004200000000000001,nan,nan,nan,6.233936263432989e-05,6.526254096403735e-05,6.798974369888121e-06,0.00012925221343246853,0.00015321506488428984,0,2,2,0.01314319438331767,0.0,0.0010520470055726296,False,False,False,5.554038826444176e-05,6.233936263432989e-05,0.06233936263432989
0.0043,0.0043,nan,nan,nan,6.233936263432989e-05,6.526254096403735e-05,6.79897436988812e-06,0.0001292522134324685,0.0001532150648842898,0,2,2,0.01314319438331767,0.0,0.0010520470055726296,False,False,False,5.554038826444177e-05,6.233936263432989e-05,0.06233936263432989
0.0044,0.0044,nan,nan,nan,6.233936263432989e-05,6.526254096403735e-05,6.798974369888121e-06,0.0001292522134324685,0.0001532150648842898,0,2,2,0.01314319438331767,0.0,0.0010520470055726296,False,False,False,5.554038826444176e-05,6.233936263432989e-05,0.06233936263432989
0.0045000000000000005,0.0045000000000000005,nan,nan,nan,6.233936263432989e-05,6.526254096403735e-05,6.798974369888121e-06,0.0001292522134324685,0.0001532150648842898,0,2,2,0.01314319438331767,0.0,0.0010520470055726296,False,False,False,5.554038826444176e-05,6.233936263432989e-05,0.06233936263432989
0.0046,0.0046,nan,nan,nan,6.233936263432989e-05,6.526254096403735e-05,6.798974369888121e-06,0.0001292522134324685,0.0001532150648842898,0,2,2,0.01314319438331767,0.0,0.0010520470055726296,False,False,False,5.554038826444176e-05,6.233936263432989e-05,0.06233936263432989
0.0047,0.0047,nan,nan,nan,6.233936263432989e-05,6.526254096403735e-05,6.79897436988812e-06,0.0001292522134324685,0.0001532150648842898,0,2,2,0.01314319438331767,0.0,0.0010520470055726296,False,False,False,5.554038826444177e-05,6.233936263432989e-05,0.06233936263432989
0.0048000000000000004,0.0048000000000000004,nan,nan,nan,6.233936263432989e-05,6.526254096403735e-05,6.798974369888121e-06,0.0001431670842172484,0.0001532150648842898,0,2,1,0.03384373462820646,0.0,0.0010520470055726296,False,False,False,5.554038826444176e-05,6.233936263432989e-05,0.06233936263432989
0.0049,0.0049,nan,nan,nan,6.233936263432989e-05,6.526254096403735e-05,6.798974369888121e-06,0.00014232975249499496,0.0001532150648842898,0,2,1,0.03387061185031791,0.0,0.0010520470055726296,False,False,False,5.554038826444176e-05,6.233936263432989e-05,0.06233936263432989
0.005,0.005,nan,nan,nan,6.233936263432989e-05,6.526254096403735e-05,6.798974369888121e-06,0.00014232975249499496,0.0001532150648842898,0,2,1,0.03387061185031791,0.0,0.0010520470055726296,False,False,True,5.554038826444176e-05,6.233936263432989e-05,0.06233936263432989
0.0051,0.0051,nan,nan,nan,6.233936263432989e-05,6.526254096403735e-05,6.798974369888121e-06,0.00014232975249499496,0.0001532150648842898,0,2,1,0.03387061185031791,0.0,0.0010520470055726296,False,False,True,5.554038826444176e-05,6.233936263432989e-05,0.06233936263432989
0.005200000000000001,0.005200000000000001,nan,nan,nan,6.233936263432989e-05,6.526254096403735e-05,6.79897436988812e-06,0.00014232975249499496,0.0001532150648842898,0,2,1,0.03387061185031791,0.0,0.0010520470055726296,False,False,True,5.554038826444177e-05,6.233936263432989e-05,0.06233936263432989
0.0053,0.0053,nan,nan,nan,6.233936263432989e-05,6.526254096403735e-05,6.798974369888121e-06,0.00014232975249499496,0.0001532150648842898,0,2,1,0.03387061185031791,0.0,0.0010520470055726296,False,False,True,5.554038826444176e-05,6.233936263432989e-05,0.06233936263432989
0.0054,0.0054,nan,nan,nan,6.233936263432989e-05,6.526254096403735e-05,6.798974369888121e-06,0.00014232975249499496,0.0001532150648842898,0,2,1,0.03387061185031791,0.0,0.0010520470055726296,False,False,True,5.554038826444176e-05,6.233936263432989e-05,0.06233936263432989
0.0055000000000000005,0.0055000000000000005,nan,nan,nan,6.233936263432989e-05,6.526254096403735e-05,6.798974369888121e-06,0.00014232975249499496,0.0001532150648842898,0,2,1,0.03387061185031791,0.0,0.0010520470055726296,False,False,True,5.554038826444176e-05,6.233936263432989e-05,0.06233936263432989
0.0056,0.0056,nan,nan,nan,6.233936263432989e-05,6.526254096403735e-05,6.798974369888121e-06,0.00014232975249499496,0.0001532150648842898,0,2,1,0.03387061185031791,0.0,0.0010520470055726296,False,False,True,5.554038826444176e-05,6.233936263432989e-05,0.06233936263432989
0.0057,0.0057,nan,nan,nan,6.233936263432989e-05,6.526254096403735e-05,6.798974369888122e-06,0.00014232975249499496,0.0001532150648842898,0,2,1,0.03387061185031791,0.0,0.0010520470055726296,False,False,True,5.554038826444176e-05,6.233936263432989e-05,0.06233936263432989
0.0058000000000000005,0.0058000000000000005,nan,nan,nan,6.233936263432989e-05,6.526254096403735e-05,6.798974369888121e-06,0.00014232975249499496,0.0001532150648842898,0,2,1,0.03387061185031791,0.0,0.0010520470055726296,False,False,True,5.554038826444176e-05,6.233936263432989e-05,0.06233936263432989
0.0059,0.0059,nan,nan,nan,6.233936263432989e-05,6.526254096403735e-05,6.798974369888121e-06,0.00014232975249499496,0.0001532150648842898,0,2,1,0.03387061185031791,0.0,0.0010520470055726296,False,False,True,5.554038826444176e-05,6.233936263432989e-05,0.06233936263432989
0.006,0.006,nan,nan,nan,6.233936263432989e-05,6.526254096403735e-05,6.798974369888122e-06,0.00014232975249499496,0.0001532150648842898,0,2,1,0.03387061185031791,0.0,0.0010520470055726296,False,False,True,5.554038826444176e-05,6.233936263432989e-05,0.06233936263432989
0.0061,0.0061,nan,nan,nan,6.233936263432989e-05,6.526254096403735e-05,6.798974369888122e-06,0.00014232975249499496,0.0001532150648842898,0,2,1,0.03387061185031791,0.0,0.0010520470055726296,False,False,True,5.554038826444176e-05,6.233936263432989e-05,0.06233936263432989
0.006200000000000001,0.006200000000000001,nan,nan,nan,6.233936263432989e-05,6.526254096403735e-05,6.798974369888122e-06,0.00014232975249499496,0.0001532150648842898,0,2,1,0.03387061185031791,0.0,0.0010520470055726296,False,False,True,5.554038826444176e-05,6.233936263432989e-05,0.06233936263432989
0.0063,0.0063,nan,nan,nan,6.233936263432989e-05,6.526254096403735e-05,6.798974369888121e-06,0.00014232975249499496,0.0001532150648842898,0,2,1,0.03387061185031791,0.0,0.0010520470055726296,False,False,True,5.554038826444176e-05,6.233936263432989e-05,0.06233936263432989
0.0064,0.0064,nan,nan,nan,6.233936263432989e-05,6.526254096403735e-05,6.798974369888121e-06,0.00014232975249499496,0.0001532150648842898,0,2,1,0.03387061185031791,0.0,0.0010520470055726296,False,False,True,5.554038826444176e-05,6.233936263432989e-05,0.06233936263432989
0.006500000000000001,0.006500000000000001,nan,nan,nan,6.233936263432989e-05,6.526254096403735e-05,6.798974369888121e-06,0.00014232975249499496,0.0001532150648842898,0,2,1,0.03387061185031791,0.0,0.0010520470055726296,False,False,True,5.554038826444176e-05,6.233936263432989e-05,0.06233936263432989
0.0066,0.0066,nan,nan,nan,6.233936263432989e-05,6.526254096403735e-05,6.798974369888121e-06,0.00014232975249499496,0.0001532150648842898,0,2,1,0.03387061185031791,0.0,0.0010520470055726296,False,False,True,5.554038826444176e-05,6.233936263432989e-05,0.06233936263432989
0.0067,0.0067,nan,nan,nan,6.233936263432989e-05,6.526254096403735e-05,6.79897436988812e-06,0.00014232975249499496,0.0001532150648842898,0,2,1,0.03387061185031791,0.0,0.0010520470055726296,False,False,True,5.554038826444177e-05,6.233936263432989e-05,0.06233936263432989
0.0068000000000000005,0.0068000000000000005,nan,nan,nan,6.233936263432989e-05,6.526254096403735e-05,6.79897436988812e-06,0.00014232975249499496,0.0001532150648842898,0,2,1,0.03387061185031791,0.0,0.0010520470055726296,False,False,True,5.554038826444177e-05,6.233936263432989e-05,0.06233936263432989
0.006900000000000001,0.006900000000000001,nan,nan,nan,6.233936263432989e-05,6.526254096403735e-05,6.798974369888122e-06,0.00014232975249499496,0.0001532150648842898,0,2,1,0.03387061185031791,0.0,0.0010520470055726296,False,False,True,5.554038826444176e-05,6.233936263432989e-05,0.06233936263432989
0.007,0.007,nan,nan,nan,6.233936263432989e-05,6.526254096403735e-05,6.798974369888121e-06,0.00014232975249499496,0.0001532150648842898,0,2,1,0.03387061185031791,0.0,0.0010520470055726296,False,False,True,5.554038826444176e-05,6.233936263432989e-05,0.06233936263432989
0.0071,0.0071,nan,nan,nan,6.233936263432989e-05,6.526254096403735e-05,6.798974369888121e-06,0.00014232975249499496,0.0001532150648842898,0,2,1,0.03387061185031791,0.0,0.0010520470055726296,False,False,True,5.554038826444176e-05,6.233936263432989e-05,0.06233936263432989
0.007200000000000001,0.007200000000000001,nan,nan,nan,6.233936263432989e-05,6.526254096403735e-05,6.798974369888121e-06,0.00014232975249499496,0.0001532150648842898,0,2,1,0.03387061185031791,0.0,0.0010520470055726296,False,False,True,5.554038826444176e-05,6.233936263432989e-05,0.06233936263432989
0.0073,0.0073,nan,nan,nan,6.233936263432989e-05,6.526254096403735e-05,6.798974369888121e-06,0.00014232975249499496,0.0001532150648842898,0,2,1,0.03387061185031791,0.0,0.0010520470055726296,False,False,True,5.554038826444176e-05,6.233936263432989e-05,0.06233936263432989
0.0074,0.0074,nan,nan,nan,6.233936263432989e-05,6.526254096403735e-05,6.798974369888121e-06,0.00014232975249499496,0.0001532150648842898,0,2,1,0.03387061185031791,0.0,0.0010520470055726296,False,False,True,5.554038826444176e-05,6.233936263432989e-05,0.06233936263432989
0.007500000000000001,0.007500000000000001,nan,nan,nan,6.233936263432989e-05,6.526254096403735e-05,6.79897436988812e-06,0.00014232975249499496,0.0001532150648842898,0,2,1,0.03387061185031791,0.0,0.0010520470055726296,False,False,True,5.554038826444177e-05,6.233936263432989e-05,0.06233936263432989
0.0076,0.0076,nan,nan,nan,6.233936263432989e-05,6.526254096403735e-05,6.798974369888122e-06,0.00014232975249499496,0.0001532150648842898,0,2,1,0.03387061185031791,0.0,0.0010520470055726296,False,False,True,5.554038826444176e-05,6.233936263432989e-05,0.06233936263432989
0.0077,0.0077,nan,nan,nan,6.233936263432989e-05,6.526254096403735e-05,6.798974369888121e-06,0.00014232975249499496,0.0001532150648842898,0,2,1,0.03387061185031791,0.0,0.0010520470055726296,False,False,True,5.554038826444176e-05,6.233936263432989e-05,0.06233936263432989
0.0078000000000000005,0.0078000000000000005,nan,nan,nan,6.233936263432989e-05,6.526254096403735e-05,6.798974369888121e-06,0.00014232975249499496,0.0001532150648842898,0,2,1,0.03387061185031791,0.0,0.0010520470055726296,False,False,True,5.554038826444176e-05,6.233936263432989e-05,0.06233936263432989
0.0079,0.0079,nan,nan,nan,6.233936263432989e-05,6.526254096403735e-05,6.79897436988812e-06,0.00014232975249499496,0.0001532150648842898,0,2,1,0.03387061185031791,0.0,0.0010520470055726296,False,False,True,5.554038826444177e-05,6.233936263432989e-05,0.06233936263432989
0.008,0.008,nan,nan,nan,6.233936263432989e-05,6.526254096403735e-05,6.798974369888121e-06,0.00014232975249499496,0.0001532150648842898,0,2,1,0.03387061185031791,0.0,0.0010520470055726296,False,False,True,5.554038826444176e-05,6.233936263432989e-05,0.06233936263432989
0.0081,0.0081,nan,nan,nan,6.233936263432989e-05,6.526254096403735e-05,6.798974369888121e-06,0.00014232975249499496,0.0001532150648842898,0,2,1,0.03387061185031791,0.0,0.0010520470055726296,False,False,True,5.554038826444176e-05,6.233936263432989e-05,0.06233936263432989
0.0082,0.0082,nan,nan,nan,6.233936263432989e-05,6.526254096403735e-05,6.79897436988812e-06,0.00014232975249499496,0.0001532150648842898,0,2,1,0.03387061185031791,0.0,0.0010520470055726296,False,False,True,5.554038826444177e-05,6.233936263432989e-05,0.06233936263432989
0.0083,0.0083,nan,nan,nan,6.233936263432989e-05,6.526254096403735e-05,6.798974369888121e-06,0.00014232975249499496,0.0001532150648842898,0,2,1,0.03387061185031791,0.0,0.0010520470055726296,False,False,True,5.554038826444176e-05,6.233936263432989e-05,0.06233936263432989
0.008400000000000001,0.008400000000000001,nan,nan,nan,6.233936263432989e-05,6.526254096403735e-05,6.798974369888121e-06,0.00014232975249499496,0.0001532150648842898,0,2,1,0.03387061185031791,0.0,0.0010520470055726296,False,False,True,5.554038826444176e-05,6.233936263432989e-05,0.06233936263432989
0.0085,0.0085,nan,nan,nan,6.233936263432989e-05,6.526254096403735e-05,6.798974369888121e-06,0.00014232975249499496,0.0001532150648842898,0,2,1,0.03387061185031791,0.0,0.0010520470055726296,False,False,True,5.554038826444176e-05,6.233936263432989e-05,0.06233936263432989
0.0086,0.0086,nan,nan,nan,6.233936263432989e-05,6.526254096403735e-05,6.798974369888121e-06,0.00014232975249499496,0.0001532150648842898,0,2,1,0.03387061185031791,0.0,0.0010520470055726296,False,False,True,5.554038826444176e-05,6.233936263432989e-05,0.06233936263432989
0.008700000000000001,0.008700000000000001,nan,nan,nan,6.233936263432989e-05,6.526254096403735e-05,6.798974369888121e-06,0.00014232975249499496,0.0001532150648842898,0,2,1,0.03387061185031791,0.0,0.0010520470055726296,False,False,True,5.554038826444176e-05,6.233936263432989e-05,0.06233936263432989
0.0088,0.0088,nan,nan,nan,6.233936263432989e-05,6.526254096403735e-05,6.798974369888121e-06,0.00014232975249499496,0.0001532150648842898,0,2,1,0.03387061185031791,0.0,0.0010520470055726296,False,False,True,5.554038826444176e-05,6.233936263432989e-05,0.06233936263432989
0.0089,0.0089,nan,nan,nan,6.233936263432989e-05,6.526254096403735e-05,6.798974369888121e-06,0.00014232975249499496,0.0001532150648842898,0,2,1,0.03387061185031791,0.0,0.0010520470055726296,False,False,True,5.554038826444176e-05,6.233936263432989e-05,0.06233936263432989
0.009000000000000001,0.009000000000000001,nan,nan,nan,6.233936263432989e-05,6.526254096403735e-05,6.798974369888121e-06,0.00014232975249499496,0.0001532150648842898,0,2,1,0.03387061185031791,0.0,0.0010520470055726296,False,False,True,5.554038826444176e-05,6.233936263432989e-05,0.06233936263432989
0.0091,0.0091,nan,nan,nan,6.233936263432989e-05,6.526254096403735e-05,6.798974369888121e-06,0.00014232975249499496,0.0001532150648842898,0,2,1,0.03387061185031791,0.0,0.0010520470055726296,False,False,True,5.554038826444176e-05,6.233936263432989e-05,0.06233936263432989
0.0092,0.0092,nan,nan,nan,6.233936263432989e-05,6.526254096403735e-05,6.798974369888121e-06,0.00014232975249499496,0.0001532150648842898,0,2,1,0.03387061185031791,0.0,0.0010520470055726296,False,False,True,5.554038826444176e-05,6.233936263432989e-05,0.06233936263432989
0.009300000000000001,0.009300000000000001,nan,nan,nan,6.233936263432989e-05,6.526254096403735e-05,6.798974369888121e-06,0.00014232975249499496,0.0001532150648842898,0,2,1,0.03387061185031791,0.0,0.0010520470055726296,False,False,True,5.554038826444176e-05,6.233936263432989e-05,0.06233936263432989
0.0094,0.0094,nan,nan,nan,6.233936263432989e-05,6.526254096403735e-05,6.798974369888121e-06,0.00014232975249499496,0.0001532150648842898,0,2,1,0.03387061185031791,0.0,0.0010520470055726296,False,False,True,5.554038826444176e-05,6.233936263432989e-05,0.06233936263432989
0.0095,0.0095,nan,nan,nan,6.233936263432989e-05,6.526254096403735e-05,6.798974369888121e-06,0.00014232975249499496,0.0001532150648842898,0,2,1,0.03387061185031791,0.0,0.0010520470055726296,False,False,True,5.554038826444176e-05,6.233936263432989e-05,0.06233936263432989
0.009600000000000001,0.009600000000000001,nan,nan,nan,6.233936263432989e-05,6.526254096403735e-05,6.798974369888121e-06,0.00014232975249499496,0.0001532150648842898,0,2,1,0.03387061185031791,0.0,0.0010520470055726296,False,False,True,5.554038826444176e-05,6.233936263432989e-05,0.06233936263432989
0.0097,0.0097,nan,nan,nan,6.233936263432989e-05,6.526254096403735e-05,6.798974369888121e-06,0.00014232975249499496,0.0001532150648842898,0,2,1,0.03387061185031791,0.0,0.0010520470055726296,False,False,True,5.554038826444176e-05,6.233936263432989e-05,0.06233936263432989
0.0098,0.0098,nan,nan,nan,6.233936263432989e-05,6.526254096403735e-05,6.798974369888121e-06,0.00014232975249499496,0.0001532150648842898,0,2,1,0.03387061185031791,0.0,0.0010520470055726296,False,False,True,5.554038826444176e-05,6.233936263432989e-05,0.06233936263432989
0.0099,0.0099,nan,nan,nan,6.233936263432989e-05,6.526254096403735e-05,6.798974369888121e-06,0.00014232975249499496,0.0001532150648842898,0,2,1,0.03387061185031791,0.0,0.0010520470055726296,False,False,True,5.554038826444176e-05,6.233936263432989e-05,0.06233936263432989
0.01,0.01,nan,nan,nan,6.233936263432989e-05,6.526254096403735e-05,6.798974369888121e-06,0.00014232975249499496,0.0001532150648842898,0,2,1,0.03387061185031791,0.0,0.0010520470055726296,False,False,True,5.554038826444176e-05,6.233936263432989e-05,0.06233936263432989
0.010100000000000001,0.010100000000000001,nan,nan,nan,6.233936263432989e-05,6.526254096403735e-05,6.798974369888121e-06,0.00014232975249499496,0.0001532150648842898,0,2,1,0.03387061185031791,0.0,0.0010520470055726296,False,False,True,5.554038826444176e-05,6.233936263432989e-05,0.06233936263432989
0.0102,0.0102,nan,nan,nan,6.233936263432989e-05,6.526254096403735e-05,6.798974369888121e-06,0.00014232975249499496,0.0001532150648842898,0,2,1,0.03387061185031791,0.0,0.0010520470055726296,False,False,True,5.554038826444176e-05,6.233936263432989e-05,0.06233936263432989
0.0103,0.0103,nan,nan,nan,6.233936263432989e-05,6.526254096403735e-05,6.798974369888121e-06,0.00014232975249499496,0.0001532150648842898,0,2,1,0.03387061185031791,0.0,0.0010520470055726296,False,False,True,5.554038826444176e-05,6.233936263432989e-05,0.06233936263432989
0.010400000000000001,0.010400000000000001,nan,nan,nan,6.233936263432989e-05,6.526254096403735e-05,6.798974369888121e-06,0.00014232975249499496,0.0001532150648842898,0,2,1,0.03387061185031791,0.0,0.0010520470055726296,False,False,True,5.554038826444176e-05,6.233936263432989e-05,0.06233936263432989
0.0105,0.0105,nan,nan,nan,6.233936263432989e-05,6.526254096403735e-05,6.798974369888121e-06,0.00014232975249499496,0.0001532150648842898,0,2,1,0.03387061185031791,0.0,0.0010520470055726296,False,False,True,5.554038826444176e-05,6.233936263432989e-05,0.06233936263432989
0.0106,0.0106,nan,nan,nan,6.233936263432989e-05,6.526254096403735e-05,6.798974369888121e-06,0.00014232975249499496,0.0001532150648842898,0,2,1,0.03387061185031791,0.0,0.0010520470055726296,False,False,True,5.554038826444176e-05,6.233936263432989e-05,0.06233936263432989
0.010700000000000001,0.010700000000000001,nan,nan,nan,6.233936263432989e-05,6.526254096403735e-05,6.798974369888121e-06,0.00014232975249499496,0.0001532150648842898,0,2,1,0.03387061185031791,0.0,0.0010520470055726296,False,False,True,5.554038826444176e-05,6.233936263432989e-05,0.06233936263432989
0.0108,0.0108,nan,nan,nan,6.233936263432989e-05,6.526254096403735e-05,6.798974369888121e-06,0.00014232975249499496,0.0001532150648842898,0,2,1,0.03387061185031791,0.0,0.0010520470055726296,False,False,True,5.554038826444176e-05,6.233936263432989e-05,0.06233936263432989
0.0109,0.0109,nan,nan,nan,6.233936263432989e-05,6.526254096403735e-05,6.798974369888121e-06,0.00014232975249499496,0.0001532150648842898,0,2,1,0.03387061185031791,0.0,0.0010520470055726296,False,False,True,5.554038826444176e-05,6.233936263432989e-05,0.06233936263432989
0.011000000000000001,0.011000000000000001,nan,nan,nan,6.233936263432989e-05,6.526254096403735e-05,6.798974369888121e-06,0.00014232975249499496,0.0001532150648842898,0,2,1,0.03387061185031791,0.0,0.0010520470055726296,False,False,True,5.554038826444176e-05,6.233936263432989e-05,0.06233936263432989
0.0111,0.0111,nan,nan,nan,6.233936263432989e-05,6.526254096403735e-05,6.798974369888121e-06,0.00014232975249499496,0.0001532150648842898,0,2,1,0.03387061185031791,0.0,0.0010520470055726296,False,False,True,5.554038826444176e-05,6.233936263432989e-05,0.06233936263432989
0.0112,0.0112,nan,nan,nan,6.233936263432989e-05,6.526254096403735e-05,6.798974369888121e-06,0.00014232975249499496,0.0001532150648842898,0,2,1,0.03387061185031791,0.0,0.0010520470055726296,False,False,True,5.554038826444176e-05,6.233936263432989e-05,0.06233936263432989
0.011300000000000001,0.011300000000000001,nan,nan,nan,6.233936263432989e-05,6.526254096403735e-05,6.798974369888121e-06,0.00014232975249499496,0.0001532150648842898,0,2,1,0.03387061185031791,0.0,0.0010520470055726296,False,False,True,5.554038826444176e-05,6.233936263432989e-05,0.06233936263432989
0.0114,0.0114,nan,nan,nan,6.233936263432989e-05,6.526254096403735e-05,6.798974369888121e-06,0.00014232975249499496,0.0001532150648842898,0,2,1,0.03387061185031791,0.0,0.0010520470055726296,False,False,True,5.554038826444176e-05,6.233936263432989e-05,0.06233936263432989
0.0115,0.0115,nan,nan,nan,6.233936263432989e-05,6.526254096403735e-05,6.798974369888121e-06,0.00014232975249499496,0.0001532150648842898,0,2,1,0.03387061185031791,0.0,0.0010520470055726296,False,False,True,5.554038826444176e-05,6.233936263432989e-05,0.06233936263432989
0.011600000000000001,0.011600000000000001,nan,nan,nan,6.233936263432989e-05,6.526254096403735e-05,6.798974369888121e-06,0.00014232975249499496,0.0001532150648842898,0,2,1,0.03387061185031791,0.0,0.0010520470055726296,False,False,True,5.554038826444176e-05,6.233936263432989e-05,0.06233936263432989
0.0117,0.0117,nan,nan,nan,6.233936263432989e-05,6.526254096403735e-05,6.798974369888121e-06,0.00014232975249499496,0.0001532150648842898,0,2,1,0.03387061185031791,0.0,0.0010520470055726296,False,False,True,5.554038826444176e-05,6.233936263432989e-05,0.06233936263432989
0.0118,0.0118,nan,nan,nan,6.233936263432989e-05,6.526254096403735e-05,6.798974369888121e-06,0.00014232975249499496,0.0001532150648842898,0,2,1,0.03387061185031791,0.0,0.0010520470055726296,False,False,True,5.554038826444176e-05,6.233936263432989e-05,0.06233936263432989
0.0119,0.0119,nan,nan,nan,6.233936263432989e-05,6.526254096403735e-05,6.798974369888122e-06,0.00014232975249499496,0.0001532150648842898,0,2,1,0.03387061185031791,0.0,0.0010520470055726296,False,False,True,5.554038826444176e-05,6.233936263432989e-05,0.06233936263432989
0.012,0.012,nan,nan,nan,6.233936263432989e-05,6.526254096403735e-05,6.798974369888121e-06,0.00014232975249499496,0.0001532150648842898,0,2,1,0.03387061185031791,0.0,0.0010520470055726296,False,False,True,5.554038826444176e-05,6.233936263432989e-05,0.06233936263432989
0.012100000000000001,0.012100000000000001,nan,nan,nan,6.233936263432989e-05,6.526254096403735e-05,6.798974369888121e-06,0.00014232975249499496,0.0001532150648842898,0,2,1,0.03387061185031791,0.0,0.0010520470055726296,False,False,True,5.554038826444176e-05,6.233936263432989e-05,0.06233936263432989
0.0122,0.0122,nan,nan,nan,6.233936263432989e-05,6.526254096403735e-05,6.798974369888121e-06,0.00014232975249499496,0.0001532150648842898,0,2,1,0.03387061185031791,0.0,0.0010520470055726296,False,False,True,5.554038826444176e-05,6.233936263432989e-05,0.06233936263432989
0.0123,0.0123,nan,nan,nan,6.233936263432989e-05,6.526254096403735e-05,6.798974369888121e-06,0.00014232975249499496,0.0001532150648842898,0,2,1,0.03387061185031791,0.0,0.0010520470055726296,False,False,True,5.554038826444176e-05,6.233936263432989e-05,0.06233936263432989
0.012400000000000001,0.012400000000000001,nan,nan,nan,6.233936263432989e-05,6.526254096403735e-05,6.798974369888121e-06,0.00014232975249499496,0.0001532150648842898,0,2,1,0.03387061185031791,0.0,0.0010520470055726296,False,False,True,5.554038826444176e-05,6.233936263432989e-05,0.06233936263432989
0.0125,0.0125,nan,nan,nan,6.233936263432989e-05,6.526254096403735e-05,6.798974369888122e-06,0.00014232975249499496,0.0001532150648842898,0,2,1,0.03387061185031791,0.0,0.0010520470055726296,False,False,True,5.554038826444176e-05,6.233936263432989e-05,0.06233936263432989
0.0126,0.0126,nan,nan,nan,6.233936263432989e-05,6.526254096403735e-05,6.798974369888121e-06,0.00014232975249499496,0.0001532150648842898,0,2,1,0.03387061185031791,0.0,0.0010520470055726296,False,False,True,5.554038826444176e-05,6.233936263432989e-05,0.06233936263432989
0.012700000000000001,0.012700000000000001,nan,nan,nan,6.233936263432989e-05,6.526254096403735e-05,6.798974369888121e-06,0.00014232975249499496,0.0001532150648842898,0,2,1,0.03387061185031791,0.0,0.0010520470055726296,False,False,True,5.554038826444176e-05,6.233936263432989e-05,0.06233936263432989
0.0128,0.0128,nan,nan,nan,6.233936263432989e-05,6.526254096403735e-05,6.798974369888121e-06,0.00014232975249499496,0.0001532150648842898,0,2,1,0.03387061185031791,0.0,0.0010520470055726296,False,False,True,5.554038826444176e-05,6.233936263432989e-05,0.06233936263432989
0.0129,0.0129,nan,nan,nan,6.233936263432989e-05,6.526254096403735e-05,6.79897436988812e-06,0.00014232975249499496,0.0001532150648842898,0,2,1,0.03387061185031791,0.0,0.0010520470055726296,False,False,True,5.554038826444177e-05,6.233936263432989e-05,0.06233936263432989
0.013000000000000001,0.013000000000000001,nan,nan,nan,6.233936263432989e-05,6.526254096403735e-05,6.798974369888121e-06,0.00014232975249499496,0.0001532150648842898,0,2,1,0.03387061185031791,0.0,0.0010520470055726296,False,False,True,5.554038826444176e-05,6.233936263432989e-05,0.06233936263432989
0.0131,0.0131,nan,nan,nan,6.233936263432989e-05,6.526254096403735e-05,6.798974369888121e-06,0.00014232975249499496,0.0001532150648842898,0,2,1,0.03387061185031791,0.0,0.0010520470055726296,False,False,True,5.554038826444176e-05,6.233936263432989e-05,0.06233936263432989
0.0132,0.0132,nan,nan,nan,6.233936263432987e-05,6.526254096403733e-05,6.798974369888121e-06,0.00014232975249499496,0.0001532150648842898,0,2,1,0.03387061185031791,0.0,0.0010520470055726296,False,False,True,5.554038826444175e-05,6.233936263432987e-05,0.062339362634329876
0.013300000000000001,0.013300000000000001,nan,nan,nan,6.233936263432989e-05,6.526254096403735e-05,6.798974369888121e-06,0.00014232975249499496,0.0001532150648842898,0,2,1,0.03387061185031791,0.0,0.0010520470055726296,False,False,True,5.554038826444176e-05,6.233936263432989e-05,0.06233936263432989
0.0134,0.0134,nan,nan,nan,6.233936263432989e-05,6.526254096403735e-05,6.79897436988812e-06,0.00014232975249499493,0.00015321506488428978,0,2,1,0.03387061185031791,0.0,0.0010520470055726296,False,False,True,5.554038826444177e-05,6.233936263432989e-05,0.06233936263432989
0.0135,0.0135,nan,nan,nan,6.233936263432989e-05,6.526254096403735e-05,6.798974369888122e-06,0.00014232975249499496,0.0001532150648842898,0,2,1,0.03387061185031791,0.0,0.0010520470055726296,False,False,True,5.554038826444176e-05,6.233936263432989e-05,0.06233936263432989
0.013600000000000001,0.013600000000000001,nan,nan,nan,6.233936263432989e-05,6.526254096403735e-05,6.79897436988812e-06,0.00014232975249499496,0.0001532150648842898,0,2,1,0.03387061185031791,0.0,0.0010520470055726296,False,False,True,5.554038826444177e-05,6.233936263432989e-05,0.06233936263432989
0.0137,0.0137,nan,nan,nan,6.233936263432989e-05,6.526254096403735e-05,6.798974369888121e-06,0.00014232975249499496,0.0001532150648842898,0,2,1,0.03387061185031791,0.0,0.0010520470055726296,False,False,True,5.554038826444176e-05,6.233936263432989e-05,0.06233936263432989
0.013800000000000002,0.013800000000000002,nan,nan,nan,6.233936263432989e-05,6.526254096403735e-05,6.798974369888121e-06,0.00014232975249499496,0.0001532150648842898,0,2,1,0.03387061185031791,0.0,0.0010520470055726296,False,False,True,5.554038826444176e-05,6.233936263432989e-05,0.06233936263432989
0.013900000000000001,0.013900000000000001,nan,nan,nan,6.233936263432989e-05,6.526254096403735e-05,6.79897436988812e-06,0.00014232975249499496,0.0001532150648842898,0,2,1,0.03387061185031791,0.0,0.0010520470055726296,False,False,True,5.554038826444177e-05,6.233936263432989e-05,0.06233936263432989
0.014,0.014,nan,nan,nan,6.233936263432989e-05,6.526254096403735e-05,6.798974369888121e-06,0.0001431670842172484,0.0001532150648842898,0,2,1,0.03387060650429968,0.0,0.0010520470055726296,False,False,True,5.554038826444176e-05,6.233936263432989e-05,0.06233936263432989
0.014100000000000001,0.014100000000000001,nan,nan,nan,6.233936263432989e-05,6.526254096403735e-05,6.798974369888121e-06,0.0001431670842172484,0.0001532150648842898,0,2,1,0.03387060650429968,0.0,0.0010520470055726296,False,False,True,5.554038826444176e-05,6.233936263432989e-05,0.06233936263432989
0.0142,0.0142,nan,nan,nan,6.233936263432989e-05,6.526254096403735e-05,6.798974369888121e-06,0.0001431670842172484,0.0001532150648842898,0,2,1,0.03387060650429968,0.0,0.0010520470055726296,False,False,True,5.554038826444176e-05,6.233936263432989e-05,0.06233936263432989
0.0143,0.0143,nan,nan,nan,6.233936263432989e-05,6.526254096403735e-05,6.798974369888121e-06,0.0001431670842172484,0.0001532150648842898,0,2,1,0.03387060650429968,0.0,0.0010520470055726296,False,False,True,5.554038826444176e-05,6.233936263432989e-05,0.06233936263432989
0.014400000000000001,0.014400000000000001,nan,nan,nan,6.233936263432989e-05,6.526254096403735e-05,6.798974369888121e-06,0.0001431670842172484,0.0001532150648842898,0,2,1,0.03387060650429968,0.0,0.0010520470055726296,False,False,True,5.554038826444176e-05,6.233936263432989e-05,0.06233936263432989
0.0145,0.0145,nan,nan,nan,6.233936263432989e-05,6.526254096403735e-05,6.798974369888121e-06,0.0001431670842172484,0.0001532150648842898,0,2,1,0.03387060650429968,0.0,0.0010520470055726296,False,False,True,5.554038826444176e-05,6.233936263432989e-05,0.06233936263432989
0.0146,0.0146,nan,nan,nan,6.233936263432989e-05,6.526254096403735e-05,6.798974369888121e-06,0.0001431670842172484,0.0001532150648842898,0,2,1,0.03387060650429968,0.0,0.0010520470055726296,False,False,True,5.554038826444176e-05,6.233936263432989e-05,0.06233936263432989
0.014700000000000001,0.014700000000000001,nan,nan,nan,6.233936263432989e-05,6.526254096403735e-05,6.798974369888121e-06,0.0001431670842172484,0.0001532150648842898,0,2,1,0.03387060650429968,0.0,0.0010520470055726296,False,False,True,5.554038826444176e-05,6.233936263432989e-05,0.06233936263432989
0.0148,0.0148,nan,nan,nan,6.233936263432989e-05,6.526254096403735e-05,6.798974369888121e-06,0.0001431670842172484,0.0001532150648842898,0,2,1,0.03387060650429968,0.0,0.0010520470055726296,False,False,True,5.554038826444176e-05,6.233936263432989e-05,0.06233936263432989
0.0149,0.0149,nan,nan,nan,6.233936263432989e-05,6.526254096403735e-05,6.798974369888121e-06,0.0001431670842172484,0.0001532150648842898,0,2,1,0.03387060650429968,0.0,0.0010520470055726296,False,False,True,5.554038826444176e-05,6.233936263432989e-05,0.06233936263432989
0.015000000000000001,0.015000000000000001,nan,nan,nan,6.233936263432989e-05,6.526254096403735e-05,6.798974369888121e-06,0.0001431670842172484,0.0001532150648842898,0,2,1,0.03387060650429968,0.0,0.0010520470055726296,False,False,True,5.554038826444176e-05,6.233936263432989e-05,0.06233936263432989
0.0151,0.0151,nan,nan,nan,6.233936263432989e-05,6.526254096403735e-05,6.798974369888121e-06,0.0001431670842172484,0.0001532150648842898,0,2,1,0.03387060650429968,0.0,0.0010520470055726296,False,False,True,5.554038826444176e-05,6.233936263432989e-05,0.06233936263432989
0.0152,0.0152,nan,nan,nan,6.233936263432989e-05,6.526254096403735e-05,6.798974369888121e-06,0.0001431670842172484,0.0001532150648842898,0,2,1,0.03387060650429968,0.0,0.0010520470055726296,False,False,True,5.554038826444176e-05,6.233936263432989e-05,0.06233936263432989
0.015300000000000001,0.015300000000000001,nan,nan,nan,6.233936263432989e-05,6.526254096403735e-05,6.798974369888121e-06,0.0001431670842172484,0.0001532150648842898,0,2,1,0.03387060650429968,0.0,0.0010520470055726296,False,False,True,5.554038826444176e-05,6.233936263432989e-05,0.06233936263432989
0.0154,0.0154,nan,nan,nan,6.233936263432989e-05,6.526254096403735e-05,6.798974369888121e-06,0.0001431670842172484,0.0001532150648842898,0,2,1,0.03387060650429968,0.0,0.0010520470055726296,False,False,True,5.554038826444176e-05,6.233936263432989e-05,0.06233936263432989
0.0155,0.0155,nan,nan,nan,6.233936263432989e-05,6.526254096403735e-05,6.79897436988812e-06,0.0001431670842172484,0.0001532150648842898,0,2,1,0.03387060650429968,0.0,0.0010520470055726296,False,False,True,5.554038826444177e-05,6.233936263432989e-05,0.06233936263432989
0.015600000000000001,0.015600000000000001,nan,nan,nan,6.233936263432989e-05,6.526254096403735e-05,6.798974369888122e-06,0.0001431670842172484,0.0001532150648842898,0,2,1,0.03387060650429968,0.0,0.0010520470055726296,False,False,True,5.554038826444176e-05,6.233936263432989e-05,0.06233936263432989
0.015700000000000002,0.015700000000000002,nan,nan,nan,6.233936263432989e-05,6.526254096403735e-05,6.798974369888121e-06,0.0001431670842172484,0.0001532150648842898,0,2,1,0.03387060650429968,0.0,0.0010520470055726296,False,False,True,5.554038826444176e-05,6.233936263432989e-05,0.06233936263432989
0.0158,0.0158,nan,nan,nan,6.233936263432989e-05,6.526254096403735e-05,6.798974369888121e-06,0.0001431670842172484,0.0001532150648842898,0,2,1,0.03387060650429968,0.0,0.0010520470055726296,False,False,True,5.554038826444176e-05,6.233936263432989e-05,0.06233936263432989
0.0159,0.0159,nan,nan,nan,6.233936263432989e-05,6.526254096403735e-05,6.798974369888121e-06,0.0001431670842172484,0.0001532150648842898,0,2,1,0.03387060650429968,0.0,0.0010520470055726296,False,False,True,5.554038826444176e-05,6.233936263432989e-05,0.06233936263432989
0.016,0.016,nan,nan,nan,6.233936263432989e-05,6.526254096403735e-05,6.798974369888121e-06,0.00014316708421724836,0.00015321506488428978,0,2,1,0.03387060650429968,0.0,0.0010520470055726296,False,False,True,5.554038826444176e-05,6.233936263432989e-05,0.06233936263432989
0.0161,0.0161,nan,nan,nan,6.233936263432989e-05,6.526254096403735e-05,6.798974369888121e-06,0.0001431670842172484,0.0001532150648842898,0,2,1,0.03387060650429968,0.0,0.0010520470055726296,False,False,True,5.554038826444176e-05,6.233936263432989e-05,0.06233936263432989
0.0162,0.0162,nan,nan,nan,6.233936263432989e-05,6.526254096403735e-05,6.798974369888121e-06,0.0001431670842172484,0.0001532150648842898,0,2,1,0.03387060650429968,0.0,0.0010520470055726296,False,False,True,5.554038826444176e-05,6.233936263432989e-05,0.06233936263432989
0.016300000000000002,0.016300000000000002,nan,nan,nan,6.233936263432989e-05,6.526254096403735e-05,6.798974369888121e-06,0.0001431670842172484,0.0001532150648842898,0,2,1,0.03387060650429968,0.0,0.0010520470055726296,False,False,True,5.554038826444176e-05,6.233936263432989e-05,0.06233936263432989
0.0164,0.0164,nan,nan,nan,6.233936263432989e-05,6.526254096403735e-05,6.798974369888121e-06,0.0001676715911213491,0.00019451942556160208,0,2,1,0.033872510853747026,0.0,0.0010520470055726296,False,False,True,5.554038826444176e-05,6.233936263432989e-05,0.06233936263432989
0.0165,0.0165,nan,nan,nan,6.233936263432989e-05,6.526254096403735e-05,6.798974369888121e-06,0.0001676715911213491,0.00019451942556160208,0,2,1,0.033872510853747026,0.0,0.0010520470055726296,False,False,True,5.554038826444176e-05,6.233936263432989e-05,0.06233936263432989
0.0166,0.0166,nan,nan,nan,6.233936263432989e-05,6.526254096403735e-05,6.798974369888121e-06,0.00016560637308748346,0.00019451942556160208,0,2,1,0.03387384455186755,0.0,0.0010520470055726296,False,False,True,5.554038826444176e-05,6.233936263432989e-05,0.06233936263432989
0.0167,0.0167,nan,nan,nan,6.233936263432989e-05,6.526254096403735e-05,6.79897436988812e-06,0.00016560637308748346,0.00019451942556160208,0,2,1,0.03387384455186755,0.0,0.0010520470055726296,False,False,True,5.554038826444177e-05,6.233936263432989e-05,0.06233936263432989
0.016800000000000002,0.016800000000000002,nan,nan,nan,6.233936263432989e-05,6.526254096403735e-05,6.798974369888121e-06,0.00016560637308748346,0.00019451942556160208,0,2,1,0.03387384455186755,0.0,0.0010520470055726296,False,False,True,5.554038826444176e-05,6.233936263432989e-05,0.06233936263432989
0.016900000000000002,0.016900000000000002,nan,nan,nan,6.233936263432989e-05,6.526254096403735e-05,6.798974369888121e-06,0.00016560637308748346,0.00019451942556160208,0,2,1,0.03387384455186755,0.0,0.0010520470055726296,False,False,True,5.554038826444176e-05,6.233936263432989e-05,0.06233936263432989
0.017,0.017,nan,nan,nan,6.233936263432989e-05,6.526254096403735e-05,6.79897436988812e-06,0.00016560637308748346,0.00019451942556160208,0,2,1,0.03387384455186755,0.0,0.0010520470055726296,False,False,True,5.554038826444177e-05,6.233936263432989e-05,0.06233936263432989
0.0171,0.0171,nan,nan,nan,6.233936263432989e-05,6.526254096403735e-05,6.798974369888122e-06,0.00016560637308748343,0.00019451942556160206,0,2,1,0.03387384455186755,0.0,0.0010520470055726296,False,False,True,5.554038826444176e-05,6.233936263432989e-05,0.06233936263432989
0.0172,0.0172,nan,nan,nan,6.233936263432989e-05,6.526254096403735e-05,6.798974369888121e-06,0.00016560637308748346,0.00019451942556160208,0,2,1,0.03387384455186755,0.0,0.0010520470055726296,False,False,True,5.554038826444176e-05,6.233936263432989e-05,0.06233936263432989
0.0173,0.0173,nan,nan,nan,6.233936263432989e-05,6.526254096403735e-05,6.798974369888122e-06,0.00016560637308748346,0.00019451942556160208,0,2,1,0.03387384455186755,0.0,0.0010520470055726296,False,False,True,5.554038826444176e-05,6.233936263432989e-05,0.06233936263432989
0.017400000000000002,0.017400000000000002,nan,nan,nan,6.233936263432989e-05,6.526254096403735e-05,6.798974369888121e-06,0.00016560637308748346,0.00019451942556160208,0,2,1,0.03387384455186755,0.0,0.0010520470055726296,False,False,True,5.554038826444176e-05,6.233936263432989e-05,0.06233936263432989
0.0175,0.0175,nan,nan,nan,6.233936263432989e-05,6.526254096403735e-05,6.798974369888122e-06,0.00016560637308748346,0.00019451942556160208,0,2,1,0.03387384455186755,0.0,0.0010520470055726296,False,False,True,5.554038826444176e-05,6.233936263432989e-05,0.06233936263432989
0.0176,0.0176,nan,nan,nan,6.233936263432989e-05,6.526254096403735e-05,6.798974369888122e-06,0.00016560637308748346,0.00019451942556160208,0,2,1,0.03387384455186755,0.0,0.0010520470055726296,False,False,True,5.554038826444176e-05,6.233936263432989e-05,0.06233936263432989
0.0177,0.0177,nan,nan,nan,6.233936263432989e-05,6.526254096403735e-05,6.798974369888121e-06,0.00016560637308748346,0.00019451942556160208,0,2,1,0.03387384455186755,0.0,0.0010520470055726296,False,False,True,5.554038826444176e-05,6.233936263432989e-05,0.06233936263432989
0.0178,0.0178,nan,nan,nan,6.233936263432989e-05,6.526254096403735e-05,6.798974369888121e-06,0.00016560637308748346,0.00019451942556160208,0,2,1,0.03387384455186755,0.0,0.0010520470055726296,False,False,True,5.554038826444176e-05,6.233936263432989e-05,0.06233936263432989
0.0179,0.0179,nan,nan,nan,6.233936263432989e-05,6.526254096403735e-05,6.798974369888122e-06,0.00016560637308748346,0.00019451942556160208,0,2,1,0.03387384455186755,0.0,0.0010520470055726296,False,False,True,5.554038826444176e-05,6.233936263432989e-05,0.06233936263432989
0.018000000000000002,0.018000000000000002,nan,nan,nan,6.233936263432989e-05,6.526254096403735e-05,6.798974369888122e-06,0.00016560637308748346,0.00019451942556160208,0,2,1,0.03387384455186755,0.0,0.0010520470055726296,False,False,True,5.554038826444176e-05,6.233936263432989e-05,0.06233936263432989
0.0181,0.0181,nan,nan,nan,6.233936263432989e-05,6.526254096403735e-05,6.79897436988812e-06,0.00016560637308748346,0.00019451942556160208,0,2,1,0.03387384455186755,0.0,0.0010520470055726296,False,False,True,5.554038826444177e-05,6.233936263432989e-05,0.06233936263432989
0.0182,0.0182,nan,nan,nan,6.233936263432989e-05,6.526254096403735e-05,6.798974369888121e-06,0.00016560637308748346,0.00019451942556160208,0,2,1,0.03387384455186755,0.0,0.0010520470055726296,False,False,True,5.554038826444176e-05,6.233936263432989e-05,0.06233936263432989
0.0183,0.0183,nan,nan,nan,6.233936263432989e-05,6.526254096403735e-05,6.798974369888121e-06,0.00016560637308748346,0.00019451942556160208,0,2,1,0.03387384455186755,0.0,0.0010520470055726296,False,False,True,5.554038826444176e-05,6.233936263432989e-05,0.06233936263432989
0.0184,0.0184,nan,nan,nan,6.233936263432989e-05,6.526254096403735e-05,6.798974369888121e-06,0.00016560637308748346,0.00019451942556160208,0,2,1,0.03387384455186755,0.0,0.0010520470055726296,False,False,True,5.554038826444176e-05,6.233936263432989e-05,0.06233936263432989
0.018500000000000003,0.018500000000000003,nan,nan,nan,6.233936263432989e-05,6.526254096403735e-05,6.798974369888121e-06,0.00016560637308748346,0.00019451942556160208,0,2,1,0.03387384455186755,0.0,0.0010520470055726296,False,False,True,5.554038826444176e-05,6.233936263432989e-05,0.06233936263432989
0.018600000000000002,0.018600000000000002,nan,nan,nan,6.233936263432989e-05,6.526254096403735e-05,6.798974369888121e-06,0.00016560637308748346,0.00019451942556160208,0,2,1,0.03387384455186755,0.0,0.0010520470055726296,False,False,True,5.554038826444176e-05,6.233936263432989e-05,0.06233936263432989
0.0187,0.0187,nan,nan,nan,6.233936263432989e-05,6.526254096403735e-05,6.798974369888121e-06,0.00016560637308748346,0.00019451942556160208,0,2,1,0.03387384455186755,0.0,0.0010520470055726296,False,False,True,5.554038826444176e-05,6.233936263432989e-05,0.06233936263432989
0.0188,0.0188,nan,nan,nan,6.233936263432989e-05,6.526254096403735e-05,6.798974369888121e-06,0.00016560637308748346,0.00019451942556160208,0,2,1,0.03387384455186755,0.0,0.0010520470055726296,False,False,True,5.554038826444176e-05,6.233936263432989e-05,0.06233936263432989
0.0189,0.0189,nan,nan,nan,6.233936263432989e-05,6.526254096403735e-05,6.798974369888121e-06,0.00016560637308748346,0.00019451942556160208,0,2,1,0.03387384455186755,0.0,0.0010520470055726296,False,False,True,5.554038826444176e-05,6.233936263432989e-05,0.06233936263432989
0.019,0.019,nan,nan,nan,6.233936263432989e-05,6.526254096403735e-05,6.79897436988812e-06,0.00016560637308748346,0.00019451942556160208,0,2,1,0.03387384455186755,0.0,0.0010520470055726296,False,False,True,5.554038826444177e-05,6.233936263432989e-05,0.06233936263432989
0.019100000000000002,0.019100000000000002,nan,nan,nan,6.233936263432989e-05,6.526254096403735e-05,6.798974369888122e-06,0.00016560637308748346,0.00019451942556160208,0,2,1,0.03387384455186755,0.0,0.0010520470055726296,False,False,True,5.554038826444176e-05,6.233936263432989e-05,0.06233936263432989
0.019200000000000002,0.019200000000000002,nan,nan,nan,6.233936263432989e-05,6.526254096403735e-05,6.798974369888122e-06,0.00016560637308748346,0.0001945194255616021,0,2,1,0.03387384455186755,0.0,0.0010520470055726296,False,False,True,5.554038826444176e-05,6.233936263432989e-05,0.06233936263432989
0.0193,0.0193,nan,nan,nan,6.233936263432989e-05,6.526254096403735e-05,6.798974369888121e-06,0.00016560637308748346,0.00019451942556160208,0,2,1,0.03387384455186755,0.0,0.0010520470055726296,False,False,True,5.554038826444176e-05,6.233936263432989e-05,0.06233936263432989
0.0194,0.0194,nan,nan,nan,6.233936263432989e-05,6.526254096403735e-05,6.798974369888121e-06,0.00016560637308748343,0.00019451942556160206,0,2,1,0.03387384455186755,0.0,0.0010520470055726296,False,False,True,5.554038826444176e-05,6.233936263432989e-05,0.06233936263432989
0.0195,0.0195,nan,nan,nan,6.233936263432989e-05,6.526254096403735e-05,6.798974369888121e-06,0.00016560637308748346,0.00019451942556160208,0,2,1,0.03387384455186755,0.0,0.0010520470055726296,False,False,True,5.554038826444176e-05,6.233936263432989e-05,0.06233936263432989
0.0196,0.0196,nan,nan,nan,6.233936263432989e-05,6.526254096403735e-05,6.798974369888121e-06,0.00022558488516889584,0.0003187812639907771,0,2,1,0.03388804666067274,0.0,0.0010520470055726296,False,False,True,5.554038826444176e-05,6.233936263432989e-05,0.06233936263432989
0.019700000000000002,0.019700000000000002,nan,nan,nan,6.233936263432989e-05,6.526254096403735e-05,6.798974369888121e-06,0.0002764464108953085,0.0003187812639907771,0,2,1,0.03390010599597529,0.0,0.0010520470055726296,False,False,True,5.554038826444176e-05,6.233936263432989e-05,0.06233936263432989
0.0198,0.0198,nan,nan,nan,6.233936263432989e-05,6.526254096403735e-05,6.798974369888121e-06,0.0002764464108953085,0.0003187812639907771,0,2,1,0.03390010599597529,0.0,0.0010520470055726296,False,False,True,5.554038826444176e-05,6.233936263432989e-05,0.06233936263432989
0.0199,0.0199,nan,nan,nan,6.233936263432989e-05,6.526254096403735e-05,6.798974369888121e-06,0.0002764464108953085,0.0003187812639907771,0,2,1,0.03390010599597529,0.0,0.0010520470055726296,False,False,True,5.554038826444176e-05,6.233936263432989e-05,0.06233936263432989
0.02,0.02,nan,nan,nan,6.233936263432989e-05,6.526254096403735e-05,6.798974369888121e-06,0.0002764464108953085,0.0003187812639907771,0,2,1,0.03390010599597529,0.0,0.0010520470055726296,False,False,True,5.554038826444176e-05,6.233936263432989e-05,0.06233936263432989
