requested_relative_ms	sample_time_s	sample_relative_ms	file	jet_top_mm	base_radius_mm	max_radius_mm	max_to_base_ratio	upper_mean_radius_mm	lower_mean_radius_mm	upper_to_lower_ratio	layers_with_multiple_central_crossings	max_central_crossings
50	0.19625	49.9166666667	interface-000196250us.dat	4.71316028141	3.38869924891	3.97405842176	1.17273860259	2.93105528155	3.54545171536	0.82670855983	2	2
50.5	0.19675	50.4166666667	interface-000196750us.dat	4.77084690953	3.38236470236	3.99281871023	1.18048142693	2.75896054559	3.51927391621	0.783957319401	5	2
51	0.19725	50.9166666667	interface-000197250us.dat	4.83104174917	3.37612214369	3.92091805798	1.16136735909	3.2818670413	3.49448895359	0.939155076719	3	2
51.5	0.19775	51.4166666667	interface-000197750us.dat	4.89181719139	3.37221327913	3.90174700026	1.15702853803	3.44111532632	3.47230027596	0.991018936392	3	2
52	0.19825	51.9166666667	interface-000198250us.dat	4.95274140254	3.36855482353	3.90218323492	1.15841464347	3.29820350645	3.45265074078	0.955267055394	2	2
52.5	0.19875	52.4166666667	interface-000198750us.dat	5.01498037788	3.36591101108	3.89741184074	1.15790697612	3.31712728003	3.48293534125	0.952394160391	2	2
53	0.19925	52.9166666667	interface-000199250us.dat	5.07688779279	3.36493294649	3.88547892631	1.15469728167	3.18412838685	3.46394492764	0.919220268613	3	2
53.5	0.19975	53.4166666667	interface-000199750us.dat	5.13723721858	3.36581002105	3.8671044812	1.14893724156	3.31649925209	3.44814372931	0.961821638668	3	2
54	0.20025	53.9166666667	interface-000200250us.dat	5.19818511348	3.36826218787	3.84518760707	1.14159391182	3.50135050329	3.43578130814	1.01908421674	1	2
54.5	0.20075	54.4166666667	interface-000200750us.dat	5.25871939799	3.3724979847	3.82107309551	1.13300974911	3.37375418071	3.42559007114	0.98486804044	1	2
55	0.20125	54.9166666667	interface-000201250us.dat	5.31858286117	3.37690928816	3.79797893981	1.12469083879	3.4114993367	3.41855031987	0.99793743473	3	2
55.5	0.20175	55.4166666667	interface-000201750us.dat	5.37803731686	3.38251754499	3.80008224444	1.12344790349	3.19728658771	3.41312935004	0.936761036519	3	2
56	0.20225	55.9166666667	interface-000202250us.dat	5.43694669878	3.38747222905	3.80185630138	1.12232840428	3.43627549599	3.40946985161	1.00786211509	4	2
56.5	0.20275	56.4166666667	interface-000202750us.dat	5.49506756069	3.39183596685	3.8037675565	1.12144796909	3.45166723033	3.40685911699	1.01315232353	3	2
57	0.20325	56.9166666667	interface-000203250us.dat	5.55315950779	3.39476432838	3.80003074316	1.11937983777	3.70311775126	3.40539963745	1.08742530848	2	2
57.5	0.20375	57.4166666667	interface-000203750us.dat	5.61137961439	3.39524541253	3.79235886133	1.11696163327	3.69607612924	3.40612447405	1.08512655876	2	2
58	0.20425	57.9166666667	interface-000204250us.dat	5.66947350126	3.39517017464	3.77590776341	1.1121409441	3.41999550972	3.40775260171	1.00359266339	1	2
58.5	0.20475	58.4166666667	interface-000204750us.dat	5.72808263747	3.39240889346	3.70605156142	1.09245426416	3.5991242293	3.42354452561	1.05128594133	1	2
59	0.20525	58.9166666667	interface-000205250us.dat	5.78558356035	3.38867939687	3.69645016824	1.09082321911	3.60794286486	3.42549122594	1.05326291235	1	2
59.5	0.20575	59.4166666667	interface-000205750us.dat	5.84423622616	3.38155322074	3.74009522907	1.10602879355	3.64495970275	3.42457887991	1.06435267826	2	2
60	0.20625	59.9166666667	interface-000206250us.dat	5.902110114	3.3692536239	3.72091379119	1.10437331425	3.64312949328	3.42453583858	1.06383161544	2	2
60.5	0.20675	60.4166666667	interface-000206750us.dat	5.95926685067	3.35398268815	3.70432488571	1.10445557719	3.5105548235	3.423870897	1.02531752192	1	2
61	0.20725	60.9166666667	interface-000207250us.dat	6.01675121353	3.33551010504	3.73509806142	1.11979815494	3.57391406928	3.42216334971	1.04434350557	1	2
61.5	0.20775	61.4166666667	interface-000207750us.dat	6.07359236756	3.313505236	3.7433312459	1.12971942981	3.61070783801	3.41929532686	1.05598010492	1	2
62	0.20825	61.9166666667	interface-000208250us.dat	6.12980963868	3.2888277558	3.74067741653	1.13738927493	3.61289964307	3.41449492662	1.05810660748	1	2
62.5	0.20875	62.4166666667	interface-000208750us.dat	6.18440565937	3.26199911768	3.7199716332	1.14039627204	3.61596254615	3.40769430943	1.06111705388	1	2
63	0.20925	62.9166666667	interface-000209250us.dat	6.23837999893	3.23337631971	3.70189914625	1.14490204053	3.61862011695	3.39946157744	1.06446860319	1	2
63.5	0.20975	63.4166666667	interface-000209750us.dat	6.29172854074	3.20440087433	3.69073382567	1.15177032163	3.57495882404	3.38741969437	1.05536341717	0	1
64	0.21025	63.9166666667	interface-000210250us.dat	6.34444702437	3.17599872798	3.73354403485	1.17554960018	3.60211697263	3.37672395508	1.06674902081	0	1
64.5	0.21075	64.4166666667	interface-000210750us.dat	6.39753651048	3.14862985684	3.71128955135	1.17869985362	3.57269700883	3.36482947915	1.06177654201	1	2
65	0.21125	64.9166666667	interface-000211250us.dat	6.44899730319	3.12251796683	3.69227982804	1.18246872148	3.57658427614	3.37024396933	1.0612241454	1	2
65.5	0.21175	65.4166666667	interface-000211750us.dat	6.5008408557	3.09759282781	3.74966072579	1.21050794414	3.60846448053	3.35690309109	1.07493853192	1	2
66	0.21225	65.9166666667	interface-000212250us.dat	6.55407207759	3.07366910944	3.72175070764	1.21084950108	3.60820068723	3.34249432857	1.0794934359	0	1
66.5	0.21275	66.4166666667	interface-000212750us.dat	6.6067259721	3.05041803391	3.69931014088	1.21272235469	3.57153485348	3.32698345885	1.07350544349	1	2
67	0.21325	66.9166666667	interface-000213250us.dat	6.66184657539	3.02753412748	3.67978785265	1.21544058554	3.5704281384	3.31087703352	1.07839345958	2	2
67.5	0.21375	67.4166666667	interface-000213750us.dat	6.72048097157	3.01761538075	3.68483699141	1.22110889775	3.5735795468	3.29405955924	1.08485577827	0	1
68	0.21425	67.9166666667	interface-000214250us.dat	6.78466683467	2.99722285806	3.65476826081	1.21938488857	3.56493570472	3.27637357896	1.08807363349	0	1
68.5	0.21475	68.4166666667	interface-000214750us.dat	6.85343272287	2.97700329579	3.62439115426	1.21746292971	3.54407716255	3.25772439839	1.08789962844	1	2
69	0.21525	68.9166666667	interface-000215250us.dat	6.92680830237	2.9574314733	3.59479855237	1.21551372697	3.50477137632	3.23626205162	1.08296896865	1	2
69.5	0.21575	69.4166666667	interface-000215750us.dat	7.00484976102	2.93745325768	3.63410880419	1.23716310879	3.51279397791	3.21298833495	1.09331052954	0	1
70	0.21625	69.9166666667	interface-000216250us.dat	7.08657598203	2.91643508572	3.60296499973	1.2354003754	3.51015903701	3.18739842997	1.10126145637	1	2
70.5	0.21675	70.4166666667	interface-000216750us.dat	7.17001892658	2.89509804061	3.57828875086	1.235981891	3.5072891278	3.1836025105	1.10167306258	0	1
71	0.21725	70.9166666667	interface-000217250us.dat	7.25420070088	2.87452271986	3.55760414018	1.23763298707	3.48346330151	3.15776303275	1.10314272014	1	2
71.5	0.21775	71.4166666667	interface-000217750us.dat	7.33814759157	2.79714363191	3.55528688238	1.27104194501	3.48430186806	3.13330978993	1.11201959004	2	2
72	0.21825	71.9166666667	interface-000218250us.dat	7.42090421946	2.76971324608	3.53113897373	1.27491139334	3.48331232178	3.1106616375	1.11979788473	2	2
72.5	0.21875	72.4166666667	interface-000218750us.dat	7.50251478858	2.74342872664	3.51802054977	1.28234443112	3.46305496572	3.11323797075	1.11236436092	2	2
73	0.21925	72.9166666667	interface-000219250us.dat	7.58202883573	2.71683313581	3.56895972142	1.31364700849	3.47365864192	3.09296833961	1.12308250861	3	2
73.5	0.21975	73.4166666667	interface-000219750us.dat	7.66051777527	2.69142202384	3.54828780556	1.31836916475	3.47370015144	3.07295908703	1.13040885123	2	2
74	0.22025	73.9166666667	interface-000220250us.dat	7.73708620353	2.66873920304	3.53221698353	1.32355270216	3.47377586847	3.05282884679	1.13788752754	2	2
74.5	0.22075	74.4166666667	interface-000220750us.dat	7.81169762393	2.64917012331	3.52399038599	1.33022426721	3.48360744457	3.02107088902	1.1531035095	3	2
75	0.22125	74.9166666667	interface-000221250us.dat	7.88526406583	2.63562178006	3.51943469555	1.33533374256	3.45956466057	3.02866509494	1.14227375828	1	2
75.5	0.22175	75.4166666667	interface-000221750us.dat	7.95870396598	2.6179531511	3.50223654423	1.3377766301	3.45727121458	2.99998835651	1.15242821096	3	2
76	0.22225	75.9166666667	interface-000222250us.dat	8.0319413015	2.62472544713	3.48792447597	1.32887212252	3.45505036637	2.97836338455	1.16004997385	2	2
76.5	0.22275	76.4166666667	interface-000222750us.dat	8.10686334707	2.63303961994	3.52376335585	1.33828725142	3.45709270408	2.9469139295	1.17312306595	2	2
77	0.22325	76.9166666667	interface-000223250us.dat	8.18132421493	2.6419446587	3.50288340052	1.32587311736	3.43933020151	2.92576393617	1.17553236575	2	2
77.5	0.22375	77.4166666667	interface-000223750us.dat	8.25819882411	2.64857407315	3.48519577147	1.31587626972	3.4428584594	2.89461653997	1.18940053436	3	2
78	0.22425	77.9166666667	interface-000224250us.dat	8.33745655692	2.65716610668	3.49106201688	1.31382904821	3.43686786738	2.87191987613	1.1967143986	1	2
78.5	0.22475	78.4166666667	interface-000224750us.dat	8.4180958627	2.6675918815	3.46899740334	1.30042283732	3.42698567189	2.84772901507	1.20341003436	1	2
79	0.22525	78.9166666667	interface-000225250us.dat	8.50098673579	2.67897224439	3.44957060794	1.28764701283	3.40192710553	2.81161918528	1.20995301332	3	2
79.5	0.22575	79.4166666667	interface-000225750us.dat	8.58409652463	2.68438147308	3.45835938947	1.28832635158	3.40110097415	2.82153128424	1.20540962745	1	2
80	0.22625	79.9166666667	interface-000226250us.dat	8.66940524877	2.68849584416	3.43927467279	1.27925608673	3.3980076166	2.78747557211	1.21902686811	2	2
80.5	0.22675	80.4166666667	interface-000226750us.dat	8.75486644269	2.69564456739	3.42487600411	1.27052210278	3.38528020355	2.76163556805	1.22582437839	2	2
81	0.22725	80.9166666667	interface-000227250us.dat	8.83941302174	2.70613445804	3.43539584985	1.26948453712	3.38128476955	2.72562722066	1.2405529061	2	2
81.5	0.22775	81.4166666667	interface-000227750us.dat	8.92499406488	2.69993459289	3.41917178923	1.26639060007	3.37621853359	2.70022631833	1.25034650269	1	2
82	0.22825	81.9166666667	interface-000228250us.dat	9.00954578469	2.72864203162	3.41741942316	1.25242497314	3.37643497656	2.66719464761	1.26591247459	3	2
82.5	0.22875	82.4166666667	interface-000228750us.dat	9.09404227938	2.75805850013	3.40194738466	1.23345729777	3.36268792917	2.64537752045	1.27115615944	1	2
83	0.22925	82.9166666667	interface-000229250us.dat	9.17743864989	2.78796510513	3.39977021847	1.21944503976	3.36818501367	2.61535433564	1.28785035655	2	2
83.5	0.22975	83.4166666667	interface-000229750us.dat	9.26068061333	2.73127670974	3.41136650495	1.24900069363	3.36610841953	2.5957323587	1.29678562901	2	2
84	0.23025	83.9166666667	interface-000230250us.dat	9.34369970036	2.75771047182	3.39808841499	1.23221362421	3.36137098909	2.60172412797	1.29197825125	2	2
84.5	0.23075	84.4166666667	interface-000230750us.dat	9.42549408963	2.82476038511	3.39763792113	1.20280571019	3.34855388764	2.58469693323	1.29553056862	1	2
85	0.23125	84.9166666667	interface-000231250us.dat	9.50702967997	2.86414318756	3.38215291981	1.18086027769	3.34439031168	2.57118806858	1.30071788701	2	2
85.5	0.23175	85.4166666667	interface-000231750us.dat	9.58823221332	2.90758531247	3.3967272988	1.16822962485	3.34952470204	2.55830233532	1.30927633368	1	2
86	0.23225	85.9166666667	interface-000232250us.dat	9.66909374715	2.9608699037	3.38235963513	1.14235334383	3.3461274536	2.54846335505	1.31299806488	2	2
86.5	0.23275	86.4166666667	interface-000232750us.dat	9.75059694627	2.99740090767	3.39141986311	1.13145353844	3.33726164051	2.54086700593	1.3134342068	2	2
87	0.23325	86.9166666667	interface-000233250us.dat	9.83372779477	3.07302494716	3.37418644496	1.0980016443	3.32946507248	2.53733060318	1.31219206055	1	2
87.5	0.23375	87.4166666667	interface-000233750us.dat	9.91748030699	3.14845378783	3.36646978551	1.06924541771	3.32426831671	2.53398463614	1.31187390377	1	2
88	0.23425	87.9166666667	interface-000234250us.dat	10.0038632731	3.22180995177	3.35543087587	1.04147386907	3.31399185551	2.51941269382	1.31538269361	2	2
88.5	0.23475	88.4166666667	interface-000234750us.dat	10.0908646704	3.2890481264	3.36603016081	1.02340556643	3.31293335865	2.51279557225	1.31842534078	1	2
89	0.23525	88.9166666667	interface-000235250us.dat	10.1774936535	3.35276959285	3.35276959285	1	3.30332531181	2.50972475035	1.31621019849	1	2
89.5	0.23575	89.4166666667	interface-000235750us.dat	10.2637650538	3.42842816038	3.42842816038	1	3.29731286601	2.50937543482	1.31399742751	3	2
90	0.23625	89.9166666667	interface-000236250us.dat	10.349692815	3.51407397982	3.51407397982	1	3.28075151714	2.51148503486	1.30629944897	2	2
