requested_relative_ms	sample_relative_ms	z_mm	central_radius_mm	central_crossings
50	49.9166666667	0	3.38869924891	1
50	49.9166666667	0.25	3.40968591558	1
50	49.9166666667	0.5	3.43067258224	1
50	49.9166666667	0.75	3.47532649864	1
50	49.9166666667	1	3.54120649864	1
50	49.9166666667	1.25	3.60708649864	1
50	49.9166666667	1.5	3.67296649864	2
50	49.9166666667	1.75	3.87683726003	1
50	49.9166666667	2	3.89912259337	1
50	49.9166666667	2.25	3.73928635714	2
50	49.9166666667	2.5	3.97405842176	1
50	49.9166666667	2.75	3.83894030275	1
50	49.9166666667	3	2.41351622728	1
50	49.9166666667	3.25	3.51557629429	1
50	49.9166666667	3.5	3.13707743077	1
50	49.9166666667	3.75	1.75016615267	1
50	49.9166666667	4	1.44845939766	1
50	49.9166666667	4.25	1.14675264266	1
50	49.9166666667	4.5	0.736864910864	1
50.5	50.4166666667	0	3.38236470236	1
50.5	50.4166666667	0.25	3.39957536902	1
50.5	50.4166666667	0.5	3.41678603569	1
50.5	50.4166666667	0.75	3.45054788634	1
50.5	50.4166666667	1	3.51344655301	1
50.5	50.4166666667	1.25	3.57634521968	1
50.5	50.4166666667	1.5	3.63924388634	2
50.5	50.4166666667	1.75	3.72999238272	2
50.5	50.4166666667	2	3.73878544151	2
50.5	50.4166666667	2.25	3.74757850031	2
50.5	50.4166666667	2.5	3.99281871023	1
50.5	50.4166666667	2.75	3.8677438898	1
50.5	50.4166666667	3	2.73780462447	1
50.5	50.4166666667	3.25	1.96784733143	2
50.5	50.4166666667	3.5	3.38864260504	1
50.5	50.4166666667	3.75	1.83276427723	1
50.5	50.4166666667	4	1.52177842744	1
50.5	50.4166666667	4.25	1.21079257765	1
50.5	50.4166666667	4.5	0.936624779373	1
50.5	50.4166666667	4.75	0.0720913968573	1
51	50.9166666667	0	3.37612214369	1
51	50.9166666667	0.25	3.38997814369	1
51	50.9166666667	0.5	3.40383414369	1
51	50.9166666667	0.75	3.42894065606	1
51	50.9166666667	1	3.48774865606	1
51	50.9166666667	1.25	3.54655665606	1
51	50.9166666667	1.5	3.60536465606	1
51	50.9166666667	1.75	3.70492397197	2
51	50.9166666667	2	3.72791998614	2
51	50.9166666667	2.25	3.88221939132	1
51	50.9166666667	2.5	3.92091805798	1
51	50.9166666667	2.75	3.8882450644	1
51	50.9166666667	3	3.77564628566	1
51	50.9166666667	3.25	2.28813905496	2
51	50.9166666667	3.5	3.58484540986	1
51	50.9166666667	3.75	2.87245939162	1
51	50.9166666667	4	1.60398305124	1
51	50.9166666667	4.25	1.28356879962	1
51	50.9166666667	4.5	0.955362074532	1
51	50.9166666667	4.75	0.280874823824	1
51.5	51.4166666667	0	3.37221327913	1
51.5	51.4166666667	0.25	3.38313061246	1
51.5	51.4166666667	0.5	3.3940479458	1
51.5	51.4166666667	0.75	3.4103713585	1
51.5	51.4166666667	1	3.4646993585	1
51.5	51.4166666667	1.25	3.5190273585	1
51.5	51.4166666667	1.5	3.5733553585	1
51.5	51.4166666667	1.75	3.67917393752	2
51.5	51.4166666667	2	3.71332230505	2
51.5	51.4166666667	2.25	3.74747067257	2
51.5	51.4166666667	2.5	3.90174700026	1
51.5	51.4166666667	2.75	3.89933874813	1
51.5	51.4166666667	3	3.80060034669	1
51.5	51.4166666667	3.25	2.63928279778	1
51.5	51.4166666667	3.5	3.74802825612	1
51.5	51.4166666667	3.75	3.11832648288	1
51.5	51.4166666667	4	1.69647613825	1
51.5	51.4166666667	4.25	1.36632346649	1
51.5	51.4166666667	4.5	1.03739778134	1
51.5	51.4166666667	4.75	0.49498740479	1
52	51.9166666667	0	3.36855482353	1
52	51.9166666667	0.25	3.37652815687	1
52	51.9166666667	0.5	3.3845014902	1
52	51.9166666667	0.75	3.39522005343	1
52	51.9166666667	1	3.44486538676	1
52	51.9166666667	1.25	3.4945107201	1
52	51.9166666667	1.5	3.54415605343	1
52	51.9166666667	1.75	3.64815754934	1
52	51.9166666667	2	3.69032893689	2
52	51.9166666667	2.25	3.73250032444	2
52	51.9166666667	2.5	3.87879180066	1
52	51.9166666667	2.75	3.90218323492	1
52	51.9166666667	3	3.81833413383	1
52	51.9166666667	3.5	2.15076872391	1
52	51.9166666667	3.75	3.32152793314	1
52	51.9166666667	4	1.79909908314	1
52	51.9166666667	4.25	1.45878870805	1
52	51.9166666667	4.5	1.12299408206	1
52	51.9166666667	4.75	0.716434469963	1
52.5	52.4166666667	0	3.36591101108	1
52.5	52.4166666667	0.25	3.37120967775	1
52.5	52.4166666667	0.5	3.37650834442	1
52.5	52.4166666667	0.75	3.3826274716	1
52.5	52.4166666667	1	3.42763280493	1
52.5	52.4166666667	1.25	3.47263813827	1
52.5	52.4166666667	1.5	3.5176434716	1
52.5	52.4166666667	1.75	3.61413481987	1
52.5	52.4166666667	2	3.66423405009	2
52.5	52.4166666667	2.25	3.7143332803	2
52.5	52.4166666667	2.5	3.8525506492	1
52.5	52.4166666667	2.75	3.89741184074	1
52.5	52.4166666667	3	3.82898573073	1
52.5	52.4166666667	3.25	3.76055962072	1
52.5	52.4166666667	3.5	2.52102496623	1
52.5	52.4166666667	3.75	3.48971186629	1
52.5	52.4166666667	4	2.98535421619	1
52.5	52.4166666667	4.25	1.56088745968	1
52.5	52.4166666667	4.5	1.21493512826	1
52.5	52.4166666667	5	0.0537470503747	1
53	52.9166666667	0	3.36493294649	1
53	52.9166666667	0.25	3.36793294649	1
53	52.9166666667	0.5	3.37093294649	1
53	52.9166666667	0.75	3.37338400078	1
53	52.9166666667	1	3.41370400078	1
53	52.9166666667	1.25	3.45402400078	1
53	52.9166666667	1.5	3.49434400078	1
53	52.9166666667	1.75	3.58426863509	1
53	52.9166666667	2	3.63710399112	1
53	52.9166666667	2.25	3.68993934715	2
53	52.9166666667	2.5	3.74277470318	2
53	52.9166666667	2.75	3.88547892631	1
53	52.9166666667	3	3.83277059298	1
53	52.9166666667	3.25	3.78006225965	1
53	52.9166666667	3.75	1.95238640509	2
53	52.9166666667	4	3.17129428968	1
53	52.9166666667	4.25	1.67225615753	1
53	52.9166666667	4.5	1.31652992431	1
53	52.9166666667	4.75	0.956629147778	1
53	52.9166666667	5	0.281351700793	1
53.5	53.4166666667	0	3.36581002105	1
53.5	53.4166666667	0.25	3.36674335438	1
53.5	53.4166666667	0.5	3.36767668772	1
53.5	53.4166666667	0.75	3.36676338206	1
53.5	53.4166666667	1	3.40270471539	1
53.5	53.4166666667	1.25	3.43864604873	1
53.5	53.4166666667	1.5	3.47458738206	1
53.5	53.4166666667	1.75	3.5580171183	1
53.5	53.4166666667	2	3.61182245163	1
53.5	53.4166666667	2.25	3.66562778497	1
53.5	53.4166666667	2.5	3.7194331183	2
53.5	53.4166666667	2.75	3.8671044812	1
53.5	53.4166666667	3	3.82932314787	1
53.5	53.4166666667	3.25	3.79154181454	1
53.5	53.4166666667	3.75	2.32651687339	2
53.5	53.4166666667	4	3.31861517254	1
53.5	53.4166666667	4.25	1.79142958955	2
53.5	53.4166666667	4.5	1.42584407378	1
53.5	53.4166666667	4.75	1.0558160455	1
53.5	53.4166666667	5	0.51463956967	1
54	53.9166666667	0	3.36826218787	1
54	53.9166666667	0.25	3.36749418787	1
54	53.9166666667	0.5	3.36672618787	1
54	53.9166666667	0.75	3.36320199596	1
54	53.9166666667	1	3.39512732929	1
54	53.9166666667	1.25	3.42705266263	1
54	53.9166666667	1.5	3.45897799596	1
54	53.9166666667	1.75	3.53454655684	1
54	53.9166666667	2	3.58839455684	1
54	53.9166666667	2.25	3.64224255684	1
54	53.9166666667	2.5	3.69609055684	2
54	53.9166666667	2.75	3.84518760707	1
54	53.9166666667	3	3.82149960707	1
54	53.9166666667	3.25	3.79781160707	1
54	53.9166666667	3.5	3.75696838111	1
54	53.9166666667	3.75	2.69549447163	1
54	53.9166666667	4	3.43497844956	1
54	53.9166666667	4.25	3.05251271849	1
54	53.9166666667	4.5	1.54103108419	1
54	53.9166666667	4.75	1.16115085725	1
54	53.9166666667	5	0.760845798074	1
54.5	54.4166666667	0	3.3724979847	1
54.5	54.4166666667	0.25	3.37022065137	1
54.5	54.4166666667	0.5	3.36794331804	1
54.5	54.4166666667	0.75	3.36077577873	1
54.5	54.4166666667	1	3.38919711207	1
54.5	54.4166666667	1.25	3.4176184454	1
54.5	54.4166666667	1.5	3.44603977873	1
54.5	54.4166666667	1.75	3.51431924075	1
54.5	54.4166666667	2	3.56747657408	1
54.5	54.4166666667	2.25	3.62063390742	1
54.5	54.4166666667	2.5	3.67379124075	1
54.5	54.4166666667	2.75	3.82107309551	1
54.5	54.4166666667	3	3.80984109551	1
54.5	54.4166666667	3.25	3.79860909551	1
54.5	54.4166666667	3.5	3.78070094205	1
54.5	54.4166666667	4	2.10586558977	2
54.5	54.4166666667	4.25	3.17429010598	1
54.5	54.4166666667	4.5	1.66219866264	1
54.5	54.4166666667	4.75	1.2725081777	1
54.5	54.4166666667	5.25	0.0343463681402	1
55	54.9166666667	0	3.37690928816	1
55	54.9166666667	0.25	3.37351195483	1
55	54.9166666667	0.5	3.37011462149	1
55	54.9166666667	0.75	3.36071773256	1
55	54.9166666667	1	3.38609906589	1
55	54.9166666667	1.25	3.41148039923	1
55	54.9166666667	1.5	3.43686173256	1
55	54.9166666667	1.75	3.49759266909	1
55	54.9166666667	2	3.54933133576	1
55	54.9166666667	2.25	3.60107000243	1
55	54.9166666667	2.5	3.65280866909	1
55	54.9166666667	2.75	3.79797893981	1
55	54.9166666667	3	3.79679760648	1
55	54.9166666667	3.25	3.73960109396	2
55	54.9166666667	3.5	3.79283671881	1
55	54.9166666667	4	2.45443556651	2
55	54.9166666667	4.25	3.27382569775	1
55	54.9166666667	4.5	1.78894581672	2
55	54.9166666667	4.75	1.38919313039	1
55	54.9166666667	5	0.989440444048	1
55	54.9166666667	5.25	0.277498629027	1
55.5	55.4166666667	0	3.38251754499	1
55.5	55.4166666667	0.25	3.37840554499	1
55.5	55.4166666667	0.5	3.37429354499	1
55.5	55.4166666667	0.75	3.36203632638	1
55.5	55.4166666667	1	3.38439632638	1
55.5	55.4166666667	1.25	3.40675632638	1
55.5	55.4166666667	1.5	3.42911632638	1
55.5	55.4166666667	1.75	3.48334144466	1
55.5	55.4166666667	2	3.53338944466	1
55.5	55.4166666667	2.25	3.58343744466	1
55.5	55.4166666667	2.5	3.63348544466	1
55.5	55.4166666667	2.75	3.77757893583	1
55.5	55.4166666667	3	3.7846296025	1
55.5	55.4166666667	3.25	3.7221326612	2
55.5	55.4166666667	3.5	3.80008224444	1
55.5	55.4166666667	4	2.78419125731	2
55.5	55.4166666667	4.25	1.89539717312	2
55.5	55.4166666667	4.5	3.03548057599	1
55.5	55.4166666667	4.75	1.51107140149	1
55.5	55.4166666667	5	1.10024756276	1
55.5	55.4166666667	5.25	0.530943296741	1
56	55.9166666667	0	3.38747222905	1
56	55.9166666667	0.25	3.38300822905	1
56	55.9166666667	0.5	3.37854422905	1
56	55.9166666667	0.75	3.36443135798	1
56	55.9166666667	1	3.38406869131	1
56	55.9166666667	1.25	3.40370602464	1
56	55.9166666667	1.5	3.42334335798	1
56	55.9166666667	1.75	3.47179982615	1
56	55.9166666667	2	3.51982382615	1
56	55.9166666667	2.25	3.56784782615	1
56	55.9166666667	2.5	3.61587182615	1
56	55.9166666667	2.75	3.74152348066	2
56	55.9166666667	3	3.73043745797	2
56	55.9166666667	3.25	3.71935143528	2
56	55.9166666667	3.5	3.80185630138	1
56	55.9166666667	4	3.69801541792	1
56	55.9166666667	4.25	2.23171686742	2
56	55.9166666667	4.5	3.15909075147	1
56	55.9166666667	4.75	1.6378312547	1
56	55.9166666667	5	1.21538172334	1
56	55.9166666667	5.25	0.795710849893	1
56.5	56.4166666667	0	3.39183596685	1
56.5	56.4166666667	0.25	3.38758530018	1
56.5	56.4166666667	0.5	3.38333463351	1
56.5	56.4166666667	0.75	3.36753779429	1
56.5	56.4166666667	1	3.38459646095	1
56.5	56.4166666667	1.25	3.40165512762	1
56.5	56.4166666667	1.5	3.41871379429	1
56.5	56.4166666667	1.75	3.4617924078	1
56.5	56.4166666667	2	3.50753374114	1
56.5	56.4166666667	2.25	3.55327507447	1
56.5	56.4166666667	2.5	3.5990164078	1
56.5	56.4166666667	2.75	3.70824480787	1
56.5	56.4166666667	3	3.72195147454	2
56.5	56.4166666667	3.25	3.73565814121	2
56.5	56.4166666667	3.5	3.8037675565	1
56.5	56.4166666667	4	3.72339737635	1
56.5	56.4166666667	4.25	2.54384584726	2
56.5	56.4166666667	4.5	3.25509630338	1
56.5	56.4166666667	4.75	1.77013851095	1
56.5	56.4166666667	5	1.33490174214	1
57	56.9166666667	0	3.39476432838	1
57	56.9166666667	0.25	3.39122032838	1
57	56.9166666667	0.5	3.38767632838	1
57	56.9166666667	0.75	3.37024729067	1
57	56.9166666667	1	3.385308624	1
57	56.9166666667	1.25	3.40036995733	1
57	56.9166666667	1.5	3.41543129067	1
57	56.9166666667	1.75	3.4556410246	1
57	56.9166666667	2	3.49874769127	1
57	56.9166666667	2.25	3.54185435794	1
57	56.9166666667	2.5	3.5849610246	1
57	56.9166666667	2.75	3.68759094076	1
57	56.9166666667	3	3.71000160743	1
57	56.9166666667	3.25	3.7324122741	2
57	56.9166666667	3.5	3.80003074316	1
57	56.9166666667	4	3.74935228677	1
57	56.9166666667	4.25	3.53067570102	1
57	56.9166666667	4.5	2.02718536916	2
57	56.9166666667	4.75	2.83786347808	1
57	56.9166666667	5	1.45985383016	1
57	56.9166666667	5.25	1.01180374413	1
57	56.9166666667	5.5	0.238112941027	1
57.5	57.4166666667	0	3.39524541253	1
57.5	57.4166666667	0.25	3.39333874586	1
57.5	57.4166666667	0.5	3.39143207919	1
57.5	57.4166666667	0.75	3.37455046354	1
57.5	57.4166666667	1	3.38808379687	1
57.5	57.4166666667	1.25	3.40161713021	1
57.5	57.4166666667	1.5	3.41515046354	1
57.5	57.4166666667	1.75	3.4512205161	1
57.5	57.4166666667	2	3.49163918277	1
57.5	57.4166666667	2.25	3.53205784944	1
57.5	57.4166666667	2.5	3.64216031761	1
57.5	57.4166666667	2.75	3.67007231761	1
57.5	57.4166666667	3	3.69798431761	1
57.5	57.4166666667	3.25	3.72589631761	2
57.5	57.4166666667	3.5	3.79235886133	1
57.5	57.4166666667	4.25	3.56997320879	1
57.5	57.4166666667	4.5	2.31727273664	2
57.5	57.4166666667	4.75	2.94715312764	1
57.5	57.4166666667	5	1.58981251375	1
57.5	57.4166666667	5.25	1.12929905305	1
57.5	57.4166666667	5.5	0.510104487029	1
58	57.9166666667	0	3.39517017464	1
58	57.9166666667	0.25	3.39561017464	1
58	57.9166666667	0.5	3.39605017464	1
58	57.9166666667	0.75	3.37855634519	1
58	57.9166666667	1	3.39103101185	1
58	57.9166666667	1.25	3.40350567852	1
58	57.9166666667	1.5	3.41598034519	1
58	57.9166666667	1.75	3.44968962781	1
58	57.9166666667	2	3.48768962781	1
58	57.9166666667	2.25	3.52568962781	1
58	57.9166666667	2.5	3.62523691966	1
58	57.9166666667	2.75	3.65565025299	1
58	57.9166666667	3	3.68606358633	1
58	57.9166666667	3.25	3.71647691966	1
58	57.9166666667	3.5	3.77590776341	1
58	57.9166666667	4.25	3.59867273469	1
58	57.9166666667	4.5	2.58892462112	2
58	57.9166666667	4.75	3.03391402787	1
58	57.9166666667	5	1.72514668372	1
58	57.9166666667	5.25	1.25168545812	1
58	57.9166666667	5.5	0.793217211348	1
58.5	58.4166666667	0	3.39240889346	1
58.5	58.4166666667	0.25	3.39596622679	1
58.5	58.4166666667	0.5	3.39952356012	1
58.5	58.4166666667	0.75	3.38395563049	1
58.5	58.4166666667	1	3.39586763049	1
58.5	58.4166666667	1.25	3.40777963049	1
58.5	58.4166666667	1.5	3.41969163049	1
58.5	58.4166666667	1.75	3.44920764919	1
58.5	58.4166666667	2	3.48476498253	1
58.5	58.4166666667	2.25	3.52032231586	1
58.5	58.4166666667	2.5	3.61063556142	1
58.5	58.4166666667	2.75	3.64244089475	1
58.5	58.4166666667	3	3.67424622808	1
58.5	58.4166666667	3.25	3.70605156142	1
58.5	58.4166666667	4.25	3.61723469619	1
58.5	58.4166666667	4.5	3.47408643029	1
58.5	58.4166666667	4.75	2.09965345709	2
58.5	58.4166666667	5	1.86545019793	1
58.5	58.4166666667	5.25	1.3799357575	1
59	58.9166666667	0	3.38867939687	1
59	58.9166666667	0.25	3.39603673021	1
59	58.9166666667	0.5	3.40339406354	1
59	58.9166666667	0.75	3.38856728291	1
59	58.9166666667	1	3.40004728291	1
59	58.9166666667	1.25	3.41152728291	1
59	58.9166666667	1.5	3.42300728291	1
59	58.9166666667	1.75	3.44825244532	1
59	58.9166666667	2	3.48154577866	1
59	58.9166666667	2.25	3.51483911199	1
59	58.9166666667	2.5	3.59738616824	1
59	58.9166666667	2.75	3.63040750157	1
59	58.9166666667	3	3.6634288349	1
59	58.9166666667	3.25	3.69645016824	1
59	58.9166666667	4.25	3.62694723936	1
59	58.9166666667	4.5	3.50043118697	1
59	58.9166666667	4.75	2.35661553241	2
59	58.9166666667	5	2.82009736985	1
59	58.9166666667	5.25	1.51169127429	1
59	58.9166666667	5.5	1.01292994279	1
59	58.9166666667	5.75	0.172847605311	1
59.5	59.4166666667	0	3.38155322074	1
59.5	59.4166666667	0.25	3.39281988741	1
59.5	59.4166666667	0.5	3.40408655407	1
59.5	59.4166666667	0.75	3.38986445269	1
59.5	59.4166666667	1	3.40156578602	1
59.5	59.4166666667	1.25	3.41326711936	1
59.5	59.4166666667	1.5	3.41607464046	1
59.5	59.4166666667	1.75	3.44759197379	1
59.5	59.4166666667	2	3.47910930712	1
59.5	59.4166666667	2.25	3.51062664046	1
59.5	59.4166666667	2.5	3.58608163833	1
59.5	59.4166666667	2.75	3.61997822682	1
59.5	59.4166666667	3	3.65387481531	1
59.5	59.4166666667	3.25	3.68777140379	1
59.5	59.4166666667	4	3.74009522907	1
59.5	59.4166666667	4.25	3.6313174513	1
59.5	59.4166666667	4.5	3.52065472682	1
59.5	59.4166666667	4.75	2.58940756258	2
59.5	59.4166666667	5	1.9235694944	2
59.5	59.4166666667	5.25	1.65571129951	1
59.5	59.4166666667	5.5	1.13862001885	1
59.5	59.4166666667	5.75	0.464981379102	1
60	59.9166666667	0	3.36925503192	1
60	59.9166666667	0.25	3.38490569859	1
60	59.9166666667	0.5	3.40055636525	1
60	59.9166666667	0.75	3.38897090852	1
60	59.9166666667	1	3.40176290852	1
60	59.9166666667	1.25	3.41455490852	1
60	59.9166666667	1.5	3.41730995343	1
60	59.9166666667	1.75	3.44731261867	1
60	59.9166666667	2	3.47731528392	1
60	59.9166666667	2.25	3.50731794917	1
60	59.9166666667	2.5	3.57628231237	1
60	59.9166666667	2.75	3.61077858102	1
60	59.9166666667	3	3.64527484968	1
60	59.9166666667	3.25	3.67977111834	1
60	59.9166666667	4	3.72090608487	1
60	59.9166666667	4.25	3.63524744465	1
60	59.9166666667	4.5	3.53655462609	1
60	59.9166666667	4.75	2.79751931417	2
60	59.9166666667	5	2.16407336823	2
60	59.9166666667	5.25	1.80274351419	1
60	59.9166666667	5.5	1.27007305965	1
60	59.9166666667	5.75	0.762471370291	1
60.5	60.4166666667	0	3.35400477867	1
60.5	60.4166666667	0.25	3.37457544534	1
60.5	60.4166666667	0.5	3.37186412339	1
60.5	60.4166666667	0.75	3.38629376091	1
60.5	60.4166666667	1	3.40072339844	1
60.5	60.4166666667	1.25	3.41515303597	1
60.5	60.4166666667	1.5	3.41819451551	1
60.5	60.4166666667	1.75	3.44706711679	1
60.5	60.4166666667	2	3.47593971807	1
60.5	60.4166666667	2.25	3.50481231935	1
60.5	60.4166666667	2.5	3.56820387613	1
60.5	60.4166666667	2.75	3.60309715254	1
60.5	60.4166666667	3	3.63799042896	1
60.5	60.4166666667	3.25	3.67288370537	1
60.5	60.4166666667	4	3.70424952681	1
60.5	60.4166666667	4.5	3.55043681959	1
60.5	60.4166666667	4.75	3.27631401258	1
60.5	60.4166666667	5	2.38156481734	2
60.5	60.4166666667	5.5	1.40844713792	1
61	60.9166666667	0	3.33559605893	1
61	60.9166666667	0.25	3.36118507812	1
61	60.9166666667	0.5	3.36425644142	1
61	60.9166666667	0.75	3.38095153736	1
61	60.9166666667	1	3.39764663331	1
61	60.9166666667	1.25	3.41434172926	1
61	60.9166666667	1.5	3.41868457169	1
61	60.9166666667	1.75	3.446878275	1
61	60.9166666667	2	3.47507197831	1
61	60.9166666667	2.25	3.50326568161	1
61	60.9166666667	2.5	3.5613645983	1
61	60.9166666667	2.75	3.59626321089	1
61	60.9166666667	3	3.63116182349	1
61	60.9166666667	3.25	3.66606043608	1
61	60.9166666667	3.75	3.73461330797	1
61	60.9166666667	4	3.69240557415	1
61	60.9166666667	4.5	3.55987135424	1
61	60.9166666667	4.75	3.30587433043	1
61	60.9166666667	5	2.57891139508	2
61	60.9166666667	5.25	2.00009222062	1
61	60.9166666667	5.5	1.55612101048	1
61	60.9166666667	5.75	0.987249651254	1
61	60.9166666667	6	0.0826214239823	1
61.5	61.4166666667	0	3.31371337008	1
61.5	61.4166666667	0.25	3.34430238927	1
61.5	61.4166666667	0.5	3.35370654239	1
61.5	61.4166666667	0.75	3.37329298849	1
61.5	61.4166666667	1	3.3928794346	1
61.5	61.4166666667	1.25	3.4124658807	1
61.5	61.4166666667	1.5	3.4184723262	1
61.5	61.4166666667	1.75	3.44622312662	1
61.5	61.4166666667	2	3.47397392705	1
61.5	61.4166666667	2.25	3.50172472748	1
61.5	61.4166666667	2.5	3.5545978988	1
61.5	61.4166666667	2.75	3.58934709837	1
61.5	61.4166666667	3	3.62409629795	1
61.5	61.4166666667	3.5	3.74245367277	1
61.5	61.4166666667	3.75	3.71527486483	1
61.5	61.4166666667	4	3.68809605688	1
61.5	61.4166666667	4.5	3.56517281219	1
61.5	61.4166666667	4.75	3.33345956796	1
61.5	61.4166666667	5	2.75527558462	2
61.5	61.4166666667	5.25	2.20325709487	1
61.5	61.4166666667	5.5	1.7142535084	1
61.5	61.4166666667	5.75	1.12684749336	1
61.5	61.4166666667	6	0.383658121762	1
62	61.9166666667	0	3.28926919158	1
62	61.9166666667	0.25	3.32460537088	1
62	61.9166666667	0.5	3.34039903133	1
62	61.9166666667	0.75	3.36313649131	1
62	61.9166666667	1	3.38587395128	1
62	61.9166666667	1.25	3.40861141126	1
62	61.9166666667	1.5	3.41605180377	1
62	61.9166666667	1.75	3.44384529363	1
62	61.9166666667	2	3.47163878349	1
62	61.9166666667	2.25	3.49943227335	1
62	61.9166666667	2.5	3.54831071784	1
62	61.9166666667	2.75	3.58294785765	1
62	61.9166666667	3	3.61758499745	1
62	61.9166666667	3.25	3.73915947372	1
62	61.9166666667	3.5	3.72247237351	1
62	61.9166666667	3.75	3.7057852733	1
62	61.9166666667	4	3.68909817308	1
62	61.9166666667	4.5	3.57511957129	1
62	61.9166666667	4.75	3.35854012615	1
62	61.9166666667	5	3.141960681	1
62	61.9166666667	5.25	2.38721269321	2
62	61.9166666667	5.75	1.27542169637	1
62	61.9166666667	6	0.696001287662	1
62.5	62.4166666667	0	3.26277293407	1
62.5	62.4166666667	0.25	3.30198317954	1
62.5	62.4166666667	0.5	3.3234370925	1
62.5	62.4166666667	0.75	3.34957369869	1
62.5	62.4166666667	1	3.37571030488	1
62.5	62.4166666667	1.25	3.40184691107	1
62.5	62.4166666667	1.5	3.41174871497	1
62.5	62.4166666667	1.75	3.44020922724	1
62.5	62.4166666667	2	3.46866973952	1
62.5	62.4166666667	2.25	3.50820332208	1
62.5	62.4166666667	2.5	3.54267293828	1
62.5	62.4166666667	2.75	3.57714255449	1
62.5	62.4166666667	3	3.61161217069	1
62.5	62.4166666667	3.25	3.71728499972	1
62.5	62.4166666667	3.5	3.70763681209	1
62.5	62.4166666667	3.75	3.69798862445	1
62.5	62.4166666667	4	3.68834043682	1
62.5	62.4166666667	4.5	3.58101661983	1
62.5	62.4166666667	4.75	3.38409952138	1
62.5	62.4166666667	5	3.18718242293	1
62.5	62.4166666667	5.25	2.55455972634	2
62.5	62.4166666667	5.5	2.03256640786	1
62.5	62.4166666667	5.75	1.43247945756	1
63	62.9166666667	0	3.23437795559	1
63	62.9166666667	0.25	3.27653110394	1
63	62.9166666667	0.5	3.30382397552	1
63	62.9166666667	0.75	3.33353848993	1
63	62.9166666667	1	3.36325300433	1
63	62.9166666667	1.25	3.39296751874	1
63	62.9166666667	1.5	3.40586798865	1
63	62.9166666667	1.75	3.43542555795	1
63	62.9166666667	2	3.46498312725	1
63	62.9166666667	2.25	3.50272938045	1
63	62.9166666667	2.5	3.53717767469	1
63	62.9166666667	2.75	3.57162596893	1
63	62.9166666667	3	3.60607426317	1
63	62.9166666667	3.25	3.69777348432	1
63	62.9166666667	3.5	3.6942873436	1
63	62.9166666667	3.75	3.69080120287	1
63	62.9166666667	4	3.68731506215	1
63	62.9166666667	4.5	3.58419742244	1
63	62.9166666667	4.75	3.40814914202	1
63	62.9166666667	5	3.2321008616	1
63	62.9166666667	5.25	2.70698007772	2
63	62.9166666667	5.5	2.20402943394	1
63	62.9166666667	5.75	1.60180588313	1
63	62.9166666667	6	0.957170465945	1
63.5	63.4166666667	0	3.20541693746	1
63.5	63.4166666667	0.25	3.24968854899	1
63.5	63.4166666667	0.5	3.28266521639	1
63.5	63.4166666667	0.75	3.31578088804	1
63.5	63.4166666667	1	3.34889655968	1
63.5	63.4166666667	1.25	3.36714115894	1
63.5	63.4166666667	1.5	3.3981939308	1
63.5	63.4166666667	1.75	3.42924670265	1
63.5	63.4166666667	2	3.46029947451	1
63.5	63.4166666667	2.25	3.49683345855	1
63.5	63.4166666667	2.5	3.53142567603	1
63.5	63.4166666667	2.75	3.56601789352	1
63.5	63.4166666667	3	3.600610111	1
63.5	63.4166666667	3.25	3.68002120606	1
63.5	63.4166666667	3.5	3.68206011864	1
63.5	63.4166666667	3.75	3.68409903122	1
63.5	63.4166666667	4	3.6861379438	1
63.5	63.4166666667	4.25	3.7397642315	1
63.5	63.4166666667	4.5	3.58567332241	1
63.5	63.4166666667	4.75	3.43158241332	1
63.5	63.4166666667	5	3.33138136453	1
63.5	63.4166666667	5.25	3.02427340999	1
63.5	63.4166666667	5.5	2.35907083841	1
63.5	63.4166666667	5.75	1.78013852967	1
63.5	63.4166666667	6	1.11495076222	1
63.5	63.4166666667	6.25	0.242538843457	1
64	63.9166666667	0	3.17672136215	1
64	63.9166666667	0.25	3.22221176727	1
64	63.9166666667	0.5	3.26042312488	1
64	63.9166666667	0.75	3.2966917816	1
64	63.9166666667	1	3.33296043832	1
64	63.9166666667	1.25	3.35592645903	1
64	63.9166666667	1.5	3.38875161894	1
64	63.9166666667	1.75	3.42157677886	1
64	63.9166666667	2	3.45440193877	1
64	63.9166666667	2.25	3.49046938369	1
64	63.9166666667	2.5	3.52538676109	1
64	63.9166666667	2.75	3.56030413849	1
64	63.9166666667	3	3.59522151589	1
64	63.9166666667	3.25	3.6638573796	1
64	63.9166666667	3.5	3.67081042122	1
64	63.9166666667	3.75	3.67776346284	1
64	63.9166666667	4	3.68471650446	1
64	63.9166666667	4.25	3.71654563943	1
64	63.9166666667	4.5	3.58586020897	1
64	63.9166666667	4.75	3.4551747785	1
64	63.9166666667	5	3.35068122972	1
64	63.9166666667	5.25	3.07037974549	1
64	63.9166666667	5.5	2.50125398008	1
64	63.9166666667	5.75	2.03250398008	1
64	63.9166666667	6	1.28291348035	1
64	63.9166666667	6.25	0.57092621822	1
64.5	64.4166666667	0	3.14886461452	1
64.5	64.4166666667	0.25	3.1985541578	1
64.5	64.4166666667	0.5	3.23758400855	1
64.5	64.4166666667	0.75	3.27661385929	1
64.5	64.4166666667	1	3.31564371004	1
64.5	64.4166666667	1.25	3.34313187063	1
64.5	64.4166666667	1.5	3.37785468513	1
64.5	64.4166666667	1.75	3.41257749963	1
64.5	64.4166666667	2	3.44730031412	1
64.5	64.4166666667	2.25	3.48304605254	1
64.5	64.4166666667	2.5	3.51850229587	1
64.5	64.4166666667	2.75	3.5539585392	1
64.5	64.4166666667	3	3.58941478253	1
64.5	64.4166666667	3.25	3.64886952467	1
64.5	64.4166666667	3.5	3.6601768886	1
64.5	64.4166666667	3.75	3.67148425253	1
64.5	64.4166666667	4.25	3.69318607965	1
64.5	64.4166666667	4.5	3.58608031042	1
64.5	64.4166666667	4.75	3.47897454118	1
64.5	64.4166666667	5	3.36986932408	1
64.5	64.4166666667	5.25	3.11248966569	1
64.5	64.4166666667	5.5	2.63182266255	2
64.5	64.4166666667	5.75	2.17836863956	1
64.5	64.4166666667	6	1.46099853666	1
64.5	64.4166666667	6.25	0.915223777451	1
65	64.9166666667	0	3.12212114856	1
65	64.9166666667	0.25	3.17352637807	1
65	64.9166666667	0.5	3.21483501347	1
65	64.9166666667	0.75	3.25614364886	1
65	64.9166666667	1	3.29745228426	1
65	64.9166666667	1.25	3.32872495254	1
65	64.9166666667	1.5	3.36541118519	1
65	64.9166666667	1.75	3.40209741785	1
65	64.9166666667	2	3.43878365051	1
65	64.9166666667	2.25	3.47446599453	1
65	64.9166666667	2.5	3.51059459646	1
65	64.9166666667	2.75	3.54672319838	1
65	64.9166666667	3	3.61966743355	1
65	64.9166666667	3.25	3.63479550185	1
65	64.9166666667	3.5	3.64992357016	1
65	64.9166666667	3.75	3.66505163846	1
65	64.9166666667	4.25	3.67357493469	1
65	64.9166666667	4.5	3.58767796499	1
65	64.9166666667	4.75	3.50178099529	1
65	64.9166666667	5	3.38881165288	1
65	64.9166666667	5.25	3.15128181203	1
65	64.9166666667	5.5	2.75222322724	2
65	64.9166666667	5.75	2.3145770734	1
65	64.9166666667	6	1.6502543514	1
65.5	65.4166666667	0	3.09651104269	1
65.5	65.4166666667	0.25	3.14911305827	1
65.5	65.4166666667	0.5	3.19225073169	1
65.5	65.4166666667	0.75	3.23538840512	1
65.5	65.4166666667	1	3.27852607855	1
65.5	65.4166666667	1.25	3.31310532326	1
65.5	65.4166666667	1.5	3.35163253777	1
65.5	65.4166666667	1.75	3.39015975229	1
65.5	65.4166666667	2	3.4277993089	1
65.5	65.4166666667	2.25	3.46472566963	1
65.5	65.4166666667	2.5	3.50165203035	1
65.5	65.4166666667	2.75	3.53857839108	1
65.5	65.4166666667	3	3.60261935927	1
65.5	65.4166666667	3.25	3.62114281343	1
65.5	65.4166666667	3.5	3.63966626758	1
65.5	65.4166666667	3.75	3.65818972174	1
65.5	65.4166666667	4	3.72589547576	1
65.5	65.4166666667	4.25	3.65852117408	1
65.5	65.4166666667	4.5	3.59114687241	1
65.5	65.4166666667	4.75	3.52377257073	1
65.5	65.4166666667	5	3.40689974321	1
65.5	65.4166666667	5.25	3.18595216256	1
65.5	65.4166666667	5.5	2.96500458192	1
65.5	65.4166666667	5.75	2.46221188048	1
65.5	65.4166666667	6	1.84689709691	2
65.5	65.4166666667	6.25	1.10284947786	1
65.5	65.4166666667	6.5	0.0298782204656	1
66	65.9166666667	0	3.07199134847	1
66	65.9166666667	0.25	3.12571876525	1
66	65.9166666667	0.5	3.17010777272	1
66	65.9166666667	0.75	3.21449678019	1
66	65.9166666667	1	3.25888578766	1
66	65.9166666667	1.25	3.29665333073	1
66	65.9166666667	1.5	3.33685076937	1
66	65.9166666667	1.75	3.377048208	1
66	65.9166666667	2	3.41576575656	1
66	65.9166666667	2.25	3.45357759025	1
66	65.9166666667	2.5	3.49138942394	1
66	65.9166666667	2.75	3.52920125763	1
66	65.9166666667	3	3.5862450629	1
66	65.9166666667	3.25	3.60782288806	1
66	65.9166666667	3.5	3.62940071322	1
66	65.9166666667	3.75	3.65097853838	1
66	65.9166666667	4	3.69878266993	1
66	65.9166666667	4.25	3.6473834162	1
66	65.9166666667	4.5	3.59598416247	1
66	65.9166666667	4.75	3.54458490874	1
66	65.9166666667	5	3.42741597711	1
66	65.9166666667	5.25	3.21758122232	1
66	65.9166666667	5.5	3.00774646752	1
66	65.9166666667	5.75	2.57504127356	1
66	65.9166666667	6	2.12091034805	1
66	65.9166666667	6.25	1.29287707989	1
66	65.9166666667	6.5	0.389770025551	1
66.5	66.4166666667	0	3.04849613908	1
66.5	66.4166666667	0.25	3.1035631636	1
66.5	66.4166666667	0.5	3.14865921483	1
66.5	66.4166666667	0.75	3.19375526606	1
66.5	66.4166666667	1	3.237701932	1
66.5	66.4166666667	1.25	3.2793410578	1
66.5	66.4166666667	1.5	3.3209801836	1
66.5	66.4166666667	1.75	3.3626193094	1
66.5	66.4166666667	2	3.40242941104	1
66.5	66.4166666667	2.25	3.44124870741	1
66.5	66.4166666667	2.5	3.48006800379	1
66.5	66.4166666667	2.75	3.51888730016	1
66.5	66.4166666667	3	3.57043594127	1
66.5	66.4166666667	3.25	3.59473764703	1
66.5	66.4166666667	3.5	3.61903935278	1
66.5	66.4166666667	3.75	3.64334105854	1
66.5	66.4166666667	4	3.67732371003	1
66.5	66.4166666667	4.25	3.63837914713	1
66.5	66.4166666667	4.5	3.59943458423	1
66.5	66.4166666667	4.75	3.63402897916	1
66.5	66.4166666667	5	3.44035893651	1
66.5	66.4166666667	5.25	3.24668889387	1
66.5	66.4166666667	5.5	3.05301885123	1
66.5	66.4166666667	5.75	2.68440548914	2
66.5	66.4166666667	6	2.24550099476	1
66.5	66.4166666667	6.25	1.49074177067	1
66.5	66.4166666667	6.5	0.781947892038	1
67	66.9166666667	0	3.0369445583	1
67	66.9166666667	0.25	3.08224573101	1
67	66.9166666667	0.5	3.12754690371	1
67	66.9166666667	0.75	3.17284807642	1
67	66.9166666667	1	3.21858201381	1
67	66.9166666667	1.25	3.26150045731	1
67	66.9166666667	1.5	3.3044189008	1
67	66.9166666667	1.75	3.3473373443	1
67	66.9166666667	2	3.38832024579	1
67	66.9166666667	2.25	3.42816832681	1
67	66.9166666667	2.5	3.46801640784	1
67	66.9166666667	2.75	3.50786448886	1
67	66.9166666667	3	3.55480488372	1
67	66.9166666667	3.25	3.58155861506	1
67	66.9166666667	3.5	3.60831234641	1
67	66.9166666667	3.75	3.68686770012	1
67	66.9166666667	4	3.65836290268	1
67	66.9166666667	4.25	3.62985810524	1
67	66.9166666667	4.5	3.6013533078	1
67	66.9166666667	4.75	3.62363471076	1
67	66.9166666667	5	3.44930440127	1
67	66.9166666667	5.25	3.27497409177	1
67	66.9166666667	5.5	3.10064378227	1
67	66.9166666667	5.75	2.78976518974	2
67	66.9166666667	6	2.36670562295	1
67	66.9166666667	6.25	1.70082735534	2
67.5	67.4166666667	0	3.01639583973	1
67.5	67.4166666667	0.25	3.06166502949	1
67.5	67.4166666667	0.5	3.10693421926	1
67.5	67.4166666667	0.75	3.15220340902	1
67.5	67.4166666667	1	3.19967004479	1
67.5	67.4166666667	1.25	3.24362793392	1
67.5	67.4166666667	1.5	3.28758582304	1
67.5	67.4166666667	1.75	3.33154371217	1
67.5	67.4166666667	2	3.37334626937	1
67.5	67.4166666667	2.25	3.41415916915	1
67.5	67.4166666667	2.5	3.45497206894	1
67.5	67.4166666667	2.75	3.51026239804	1
67.5	67.4166666667	3	3.53916431702	1
67.5	67.4166666667	3.25	3.56806623599	1
67.5	67.4166666667	3.5	3.59696815497	1
67.5	67.4166666667	3.75	3.65959117988	1
67.5	67.4166666667	4	3.64053034744	1
67.5	67.4166666667	4.25	3.621469515	1
67.5	67.4166666667	4.5	3.60240868255	1
67.5	67.4166666667	4.75	3.60843438555	1
67.5	67.4166666667	5	3.4559984197	1
67.5	67.4166666667	5.25	3.30356245385	1
67.5	67.4166666667	5.5	3.151126488	1
67.5	67.4166666667	5.75	2.929093805	1
67.5	67.4166666667	6	2.47927013578	1
67.5	67.4166666667	6.25	2.07095132044	1
67.5	67.4166666667	6.5	1.10585394417	1
68	67.9166666667	0	2.99686424104	1
68	67.9166666667	0.25	3.04205347345	1
68	67.9166666667	0.5	3.08724270586	1
68	67.9166666667	0.75	3.13243193827	1
68	67.9166666667	1	3.18086516168	1
68	67.9166666667	1.25	3.22559330667	1
68	67.9166666667	1.5	3.27032145166	1
68	67.9166666667	1.75	3.3162510413	1
68	67.9166666667	2	3.35784485793	1
68	67.9166666667	2.25	3.39943867456	1
68	67.9166666667	2.5	3.44103249119	1
68	67.9166666667	2.75	3.49181300475	1
68	67.9166666667	3	3.52261343165	1
68	67.9166666667	3.25	3.55341385854	1
68	67.9166666667	3.5	3.58421428543	1
68	67.9166666667	3.75	3.63388377262	1
68	67.9166666667	4	3.62337683559	1
68	67.9166666667	4.25	3.61286989856	1
68	67.9166666667	4.5	3.60236296153	1
68	67.9166666667	4.75	3.59011178818	1
68	67.9166666667	5	3.46193215065	1
68	67.9166666667	5.25	3.33375251313	1
68	67.9166666667	5.5	3.22019549967	1
68	67.9166666667	5.75	2.97768433896	1
68	67.9166666667	6	2.58726109878	1
68	67.9166666667	6.25	2.19269961596	1
68	67.9166666667	6.5	1.32369701518	1
68	67.9166666667	6.75	0.232725121483	1
68.5	68.4166666667	0	2.97808566293	1
68.5	68.4166666667	0.25	3.02321359469	1
68.5	68.4166666667	0.5	3.06834152646	1
68.5	68.4166666667	0.75	3.1175316	1
68.5	68.4166666667	1	3.16267552324	1
68.5	68.4166666667	1.25	3.20781944648	1
68.5	68.4166666667	1.5	3.25296336972	1
68.5	68.4166666667	1.75	3.2988375315	1
68.5	68.4166666667	2	3.34103870546	1
68.5	68.4166666667	2.25	3.38323987942	1
68.5	68.4166666667	2.5	3.42544105338	1
68.5	68.4166666667	2.75	3.47245394987	1
68.5	68.4166666667	3	3.5049726265	1
68.5	68.4166666667	3.25	3.53749130313	1
68.5	68.4166666667	3.5	3.57000997976	1
68.5	68.4166666667	3.75	3.60985256241	1
68.5	68.4166666667	4	3.60698475857	1
68.5	68.4166666667	4.25	3.60411695473	1
68.5	68.4166666667	4.5	3.67856531435	1
68.5	68.4166666667	4.75	3.5736452717	1
68.5	68.4166666667	5	3.46872522906	1
68.5	68.4166666667	5.25	3.36380518641	1
68.5	68.4166666667	5.5	3.24904396968	1
68.5	68.4166666667	5.75	3.02518310012	1
68.5	68.4166666667	6	2.6899362429	1
68.5	68.4166666667	6.25	2.30922278583	1
68.5	68.4166666667	6.5	1.55300266694	2
68.5	68.4166666667	6.75	0.711205435661	1
69	68.9166666667	0	2.96045520722	1
69	68.9166666667	0.25	3.00537258462	1
69	68.9166666667	0.5	3.05028996202	1
69	68.9166666667	0.75	3.09905055989	1
69	68.9166666667	1	3.14434938593	1
69	68.9166666667	1.25	3.18964821197	1
69	68.9166666667	1.5	3.23494703801	1
69	68.9166666667	1.75	3.28040637491	1
69	68.9166666667	2	3.32302910703	1
69	68.9166666667	2.25	3.36565183916	1
69	68.9166666667	2.5	3.40827457128	1
69	68.9166666667	2.75	3.45262828811	1
69	68.9166666667	3	3.48670344802	1
69	68.9166666667	3.25	3.52077860793	1
69	68.9166666667	3.5	3.58352911234	1
69	68.9166666667	3.75	3.58747101	1
69	68.9166666667	4	3.59141290765	1
69	68.9166666667	4.25	3.59535480531	1
69	68.9166666667	4.5	3.64509296771	1
69	68.9166666667	4.75	3.56132164575	1
69	68.9166666667	5	3.47755032379	1
69	68.9166666667	5.25	3.39377900183	1
69	68.9166666667	5.5	3.27638912656	1
69	68.9166666667	5.75	3.06843714916	1
69	68.9166666667	6	2.78703858458	2
69	68.9166666667	6.25	2.41935825671	1
69	68.9166666667	6.5	1.7949443823	2
69.5	69.4166666667	0	2.94315840754	1
69.5	69.4166666667	0.25	2.98777153454	1
69.5	69.4166666667	0.5	3.03238466155	1
69.5	69.4166666667	0.75	3.08056205457	1
69.5	69.4166666667	1	3.12579151028	1
69.5	69.4166666667	1.25	3.17102096599	1
69.5	69.4166666667	1.5	3.2162504217	1
69.5	69.4166666667	1.75	3.26153080745	1
69.5	69.4166666667	2	3.30443858997	1
69.5	69.4166666667	2.25	3.34734637248	1
69.5	69.4166666667	2.5	3.39698371249	1
69.5	69.4166666667	2.75	3.43260737987	1
69.5	69.4166666667	3	3.46823104725	1
69.5	69.4166666667	3.25	3.50385471462	1
69.5	69.4166666667	3.5	3.55740264457	1
69.5	69.4166666667	3.75	3.56738931835	1
69.5	69.4166666667	4	3.57737599212	1
69.5	69.4166666667	4.25	3.58736266589	1
69.5	69.4166666667	4.5	3.61729406245	1
69.5	69.4166666667	4.75	3.55226474475	1
69.5	69.4166666667	5	3.48723542706	1
69.5	69.4166666667	5.25	3.42220610936	1
69.5	69.4166666667	5.5	3.3058400684	1
69.5	69.4166666667	5.75	3.10685325785	1
69.5	69.4166666667	6	2.9078664473	1
69.5	69.4166666667	6.25	2.56311021201	1
69.5	69.4166666667	6.5	2.13710439806	1
69.5	69.4166666667	6.75	1.1738442232	1
70	69.9166666667	0	2.92607649044	1
70	69.9166666667	0.25	2.97024404647	1
70	69.9166666667	0.5	3.0144116025	1
70	69.9166666667	0.75	3.06231183336	1
70	69.9166666667	1	3.10736513826	1
70	69.9166666667	1.25	3.15241844317	1
70	69.9166666667	1.5	3.19921760447	1
70	69.9166666667	1.75	3.24246653837	1
70	69.9166666667	2	3.28571547227	1
70	69.9166666667	2.25	3.32896440617	1
70	69.9166666667	2.5	3.376276898	1
70	69.9166666667	2.75	3.41338510696	1
70	69.9166666667	3	3.45049331591	1
70	69.9166666667	3.25	3.48760152487	1
70	69.9166666667	3.5	3.53440157672	1
70	69.9166666667	3.75	3.54960413535	1
70	69.9166666667	4	3.56480669399	1
70	69.9166666667	4.25	3.58000925262	1
70	69.9166666667	4.5	3.59520904405	1
70	69.9166666667	4.75	3.54623625856	1
70	69.9166666667	5	3.49726347308	1
70	69.9166666667	5.25	3.51240861494	1
70	69.9166666667	5.5	3.32733924461	1
70	69.9166666667	5.75	3.14226987427	1
70	69.9166666667	6	2.95720050394	1
70	69.9166666667	6.25	2.65209347914	1
70	69.9166666667	6.5	2.24728545121	1
70	69.9166666667	6.75	1.41652307877	1
70	69.9166666667	7	0.205689348193	1
70.5	70.4166666667	0	2.90963194678	1
70.5	70.4166666667	0.25	2.95274495318	1
70.5	70.4166666667	0.5	2.99837554391	1
70.5	70.4166666667	0.75	3.04382063986	1
70.5	70.4166666667	1	3.0892657358	1
70.5	70.4166666667	1.25	3.13471083175	1
70.5	70.4166666667	1.5	3.18052668699	1
70.5	70.4166666667	1.75	3.22418073816	1
70.5	70.4166666667	2	3.26783478933	1
70.5	70.4166666667	2.25	3.31148884051	1
70.5	70.4166666667	2.5	3.3573810218	1
70.5	70.4166666667	2.75	3.39574722649	1
70.5	70.4166666667	3	3.43411343118	1
70.5	70.4166666667	3.25	3.47247963587	1
70.5	70.4166666667	3.5	3.5137958122	1
70.5	70.4166666667	3.75	3.53346763718	1
70.5	70.4166666667	4	3.55313946215	1
70.5	70.4166666667	4.25	3.61435619599	1
70.5	70.4166666667	4.5	3.57828629204	1
70.5	70.4166666667	4.75	3.54221638809	1
70.5	70.4166666667	5	3.50614648414	1
70.5	70.4166666667	5.25	3.50827998054	1
70.5	70.4166666667	5.5	3.34209001256	1
70.5	70.4166666667	5.75	3.17590004458	1
70.5	70.4166666667	6	3.00971007659	1
70.5	70.4166666667	6.25	2.74432099741	1
70.5	70.4166666667	6.5	2.35692430319	1
70.5	70.4166666667	6.75	1.66389008943	2
70.5	70.4166666667	7	0.757918055567	1
71	70.9166666667	0	2.89373733328	1
71	70.9166666667	0.25	2.93519259942	1
71	70.9166666667	0.5	2.9792399747	1
71	70.9166666667	0.75	3.02575116873	1
71	70.9166666667	1	3.07226236276	1
71	70.9166666667	1.25	3.11877355679	1
71	70.9166666667	1.5	3.16363343632	1
71	70.9166666667	1.75	3.20767661329	1
71	70.9166666667	2	3.25171979027	1
71	70.9166666667	2.25	3.29576296724	1
71	70.9166666667	2.5	3.33979845792	1
71	70.9166666667	2.75	3.37921948247	1
71	70.9166666667	3	3.41864050701	1
71	70.9166666667	3.25	3.47191712857	1
71	70.9166666667	3.5	3.4954149941	1
71	70.9166666667	3.75	3.51891285962	1
71	70.9166666667	4	3.54241072515	1
71	70.9166666667	4.25	3.58899226446	1
71	70.9166666667	4.5	3.56428041814	1
71	70.9166666667	4.75	3.53956857183	1
71	70.9166666667	5	3.51485672551	1
71	70.9166666667	5.25	3.49925889902	1
71	70.9166666667	5.5	3.35493054081	1
71	70.9166666667	5.75	3.2106021826	1
71	70.9166666667	6	3.06627382439	1
71	70.9166666667	6.25	2.8489045363	1
71	70.9166666667	6.5	2.45790499109	1
71	70.9166666667	6.75	2.08528972877	1
71	70.9166666667	7	1.00649385787	1
71.5	71.4166666667	0	2.87633672888	1
71.5	71.4166666667	0.25	2.91527995734	1
71.5	71.4166666667	0.5	2.96064751421	1
71.5	71.4166666667	0.75	3.00877917733	1
71.5	71.4166666667	1	3.05691084044	1
71.5	71.4166666667	1.25	3.10504250355	1
71.5	71.4166666667	1.5	3.14805933632	1
71.5	71.4166666667	1.75	3.19261910153	1
71.5	71.4166666667	2	3.23717886674	1
71.5	71.4166666667	2.25	3.28360069729	1
71.5	71.4166666667	2.5	3.32384082536	1
71.5	71.4166666667	2.75	3.36408095343	1
71.5	71.4166666667	3	3.4043210815	1
71.5	71.4166666667	3.25	3.45251469127	1
71.5	71.4166666667	3.5	3.4792356091	1
71.5	71.4166666667	3.75	3.50595652692	1
71.5	71.4166666667	4	3.53267744474	1
71.5	71.4166666667	4.25	3.56774263975	1
71.5	71.4166666667	4.5	3.55296652034	1
71.5	71.4166666667	4.75	3.53819040094	1
71.5	71.4166666667	5	3.52341428154	1
71.5	71.4166666667	5.25	3.48900811483	1
71.5	71.4166666667	5.5	3.36793821089	1
71.5	71.4166666667	5.75	3.24686830694	1
71.5	71.4166666667	6	3.12139874582	1
71.5	71.4166666667	6.25	2.89961214533	1
71.5	71.4166666667	6.5	2.54848017314	1
71.5	71.4166666667	6.75	2.18937964404	1
71.5	71.4166666667	7	1.24566971108	1
72	71.9166666667	0	2.79357101534	2
72	71.9166666667	0.25	2.8919860154	1
72	71.9166666667	0.5	2.94204471337	1
72	71.9166666667	0.75	2.99210341135	1
72	71.9166666667	1	3.04216210932	1
72	71.9166666667	1.25	3.08845873781	1
72	71.9166666667	1.5	3.13375222767	1
72	71.9166666667	1.75	3.17904571753	1
72	71.9166666667	2	3.22433920739	1
72	71.9166666667	2.25	3.26895327465	1
72	71.9166666667	2.5	3.30987643367	1
72	71.9166666667	2.75	3.35079959269	1
72	71.9166666667	3	3.3917227517	1
72	71.9166666667	3.25	3.43567409816	1
72	71.9166666667	3.5	3.46499979112	1
72	71.9166666667	3.75	3.49432548409	1
72	71.9166666667	4	3.55636718407	1
72	71.9166666667	4.25	3.55005448397	1
72	71.9166666667	4.5	3.54374178386	1
72	71.9166666667	4.75	3.53742908375	1
72	71.9166666667	5	3.58072237833	1
72	71.9166666667	5.25	3.48140734635	1
72	71.9166666667	5.5	3.38209231437	1
72	71.9166666667	5.75	3.28277728238	1
72	71.9166666667	6	3.15232833886	1
72	71.9166666667	6.25	2.94628397657	1
72	71.9166666667	6.5	2.6339726628	1
72	71.9166666667	6.75	2.28711763997	1
72	71.9166666667	7	1.48126564293	2
72	71.9166666667	7.25	0.119113126835	1
72.5	72.4166666667	0	2.77238102509	2
72.5	72.4166666667	0.25	2.8117757565	2
72.5	72.4166666667	0.5	2.92418118045	1
72.5	72.4166666667	0.75	2.97582739176	1
72.5	72.4166666667	1	3.02747360307	1
72.5	72.4166666667	1.25	3.07423366651	1
72.5	72.4166666667	1.5	3.12062374122	1
72.5	72.4166666667	1.75	3.16701381593	1
72.5	72.4166666667	2	3.21340389063	1
72.5	72.4166666667	2.25	3.25610653163	1
72.5	72.4166666667	2.5	3.29763371713	1
72.5	72.4166666667	2.75	3.33916090263	1
72.5	72.4166666667	3	3.38959343266	1
72.5	72.4166666667	3.25	3.42105821388	1
72.5	72.4166666667	3.5	3.4525229951	1
72.5	72.4166666667	3.75	3.48398777631	1
72.5	72.4166666667	4	3.53442121807	1
72.5	72.4166666667	4.25	3.53526343555	1
72.5	72.4166666667	4.5	3.53610565303	1
72.5	72.4166666667	4.75	3.53694787052	1
72.5	72.4166666667	5	3.55709050586	1
72.5	72.4166666667	5.25	3.47713048454	1
72.5	72.4166666667	5.5	3.39717046321	1
72.5	72.4166666667	5.75	3.31721044189	1
72.5	72.4166666667	6	3.18180185725	1
72.5	72.4166666667	6.25	2.98473276364	1
72.5	72.4166666667	6.5	2.71241289126	1
72.5	72.4166666667	6.75	2.41607013785	1
72.5	72.4166666667	7	1.71378285037	2
72.5	72.4166666667	7.25	0.683107033453	1
73	72.9166666667	0	2.74938001449	2
73	72.9166666667	0.25	2.79197450386	2
73	72.9166666667	0.5	2.90809810921	1
73	72.9166666667	0.75	2.96017388296	1
73	72.9166666667	1	3.01224965671	1
73	72.9166666667	1.25	3.05963355551	1
73	72.9166666667	1.5	3.10796777726	1
73	72.9166666667	1.75	3.15630199901	1
73	72.9166666667	2	3.20235552739	1
73	72.9166666667	2.25	3.24467676538	1
73	72.9166666667	2.5	3.28699800338	1
73	72.9166666667	2.75	3.32931924137	1
73	72.9166666667	3	3.37541767078	1
73	72.9166666667	3.25	3.4085146857	1
73	72.9166666667	3.5	3.44161170063	1
73	72.9166666667	3.75	3.47470871555	1
73	72.9166666667	4	3.51591007328	1
73	72.9166666667	4.25	3.522733101	1
73	72.9166666667	4.5	3.52955612872	1
73	72.9166666667	4.75	3.53637915644	1
73	72.9166666667	5	3.53856079344	1
73	72.9166666667	5.25	3.47550849888	1
73	72.9166666667	5.5	3.41245620432	1
73	72.9166666667	5.75	3.39336719757	1
73	72.9166666667	6	3.20567822607	1
73	72.9166666667	6.25	3.01798925457	1
73	72.9166666667	6.5	2.78004914816	2
73	72.9166666667	6.75	2.48431532936	1
73	72.9166666667	7	2.08208431671	1
73	72.9166666667	7.25	1.00738227668	1
73.5	73.4166666667	0	2.7250636591	2
73.5	73.4166666667	0.25	2.77296381251	2
73.5	73.4166666667	0.5	2.89276936261	1
73.5	73.4166666667	0.75	2.94382933886	1
73.5	73.4166666667	1	2.99358495224	1
73.5	73.4166666667	1.25	3.04472155843	1
73.5	73.4166666667	1.5	3.09585816462	1
73.5	73.4166666667	1.75	3.14699477081	1
73.5	73.4166666667	2	3.19130047611	1
73.5	73.4166666667	2.25	3.23454141427	1
73.5	73.4166666667	2.5	3.27778235244	1
73.5	73.4166666667	2.75	3.32102329061	1
73.5	73.4166666667	3	3.36306681253	1
73.5	73.4166666667	3.25	3.39753376349	1
73.5	73.4166666667	3.5	3.43200071445	1
73.5	73.4166666667	3.75	3.46646766541	1
73.5	73.4166666667	4	3.50045792716	1
73.5	73.4166666667	4.25	3.51227222812	1
73.5	73.4166666667	4.5	3.52408652908	1
73.5	73.4166666667	4.75	3.57305806552	1
73.5	73.4166666667	5	3.52453351909	1
73.5	73.4166666667	5.25	3.47600897267	1
73.5	73.4166666667	5.5	3.42748442624	1
73.5	73.4166666667	5.75	3.39719358806	1
73.5	73.4166666667	6	3.22277789969	1
73.5	73.4166666667	6.25	3.04836221133	1
73.5	73.4166666667	6.5	2.87394652296	1
73.5	73.4166666667	6.75	2.54832795186	1
73.5	73.4166666667	7	2.16660971082	1
73.5	73.4166666667	7.25	1.22358780097	1
74	73.9166666667	0	2.70652460075	1
74	73.9166666667	0.25	2.75528681573	2
74	73.9166666667	0.5	2.80404903071	2
74	73.9166666667	0.75	2.92481438046	1
74	73.9166666667	1	2.97577053509	1
74	73.9166666667	1.25	3.02989633466	1
74	73.9166666667	1.5	3.08402213424	1
74	73.9166666667	1.75	3.13814793381	1
74	73.9166666667	2	3.1805901708	1
74	73.9166666667	2.25	3.22512908338	1
74	73.9166666667	2.5	3.26966799596	1
74	73.9166666667	2.75	3.31673667548	1
74	73.9166666667	3	3.35247040013	1
74	73.9166666667	3.25	3.38820412479	1
74	73.9166666667	3.5	3.42393784944	1
74	73.9166666667	3.75	3.47180207539	1
74	73.9166666667	4	3.4877279025	1
74	73.9166666667	4.25	3.50365372961	1
74	73.9166666667	4.5	3.51957955672	1
74	73.9166666667	4.75	3.55140000208	1
74	73.9166666667	5	3.51461771819	1
74	73.9166666667	5.25	3.47783543431	1
74	73.9166666667	5.5	3.44105315042	1
74	73.9166666667	5.75	3.39246727748	1
74	73.9166666667	6	3.23572234685	1
74	73.9166666667	6.25	3.07897741622	1
74	73.9166666667	6.5	2.92446390727	1
74	73.9166666667	6.75	2.61468815281	1
74	73.9166666667	7	2.25018581999	1
74	73.9166666667	7.25	1.43195575203	2
74.5	74.4166666667	0	2.69425444628	1
74.5	74.4166666667	0.25	2.7395421938	2
74.5	74.4166666667	0.5	2.78482994133	2
74.5	74.4166666667	0.75	2.9054591661	1
74.5	74.4166666667	1	2.95816195889	1
74.5	74.4166666667	1.25	3.01506760921	1
74.5	74.4166666667	1.5	3.07197325953	1
74.5	74.4166666667	1.75	3.12398217721	1
74.5	74.4166666667	2	3.17023351126	1
74.5	74.4166666667	2.25	3.2164848453	1
74.5	74.4166666667	2.5	3.26273617935	1
74.5	74.4166666667	2.75	3.30659348906	1
74.5	74.4166666667	3	3.34351184552	1
74.5	74.4166666667	3.25	3.38043020197	1
74.5	74.4166666667	3.5	3.41734855843	1
74.5	74.4166666667	3.75	3.45769547699	1
74.5	74.4166666667	4	3.4770231184	1
74.5	74.4166666667	4.25	3.49635075981	1
74.5	74.4166666667	4.5	3.51567840122	1
74.5	74.4166666667	4.75	3.53378645871	1
74.5	74.4166666667	5	3.50717760065	1
74.5	74.4166666667	5.25	3.48056874259	1
74.5	74.4166666667	5.5	3.52172631773	1
74.5	74.4166666667	5.75	3.38543367381	1
74.5	74.4166666667	6	3.24914102988	1
74.5	74.4166666667	6.25	3.11284838596	1
74.5	74.4166666667	6.5	2.95388443416	1
74.5	74.4166666667	6.75	2.67501748859	1
74.5	74.4166666667	7	2.32520405575	1
74.5	74.4166666667	7.25	1.63629309107	2
74.5	74.4166666667	7.5	0.291560666893	1
75	74.9166666667	0	2.68454709823	1
75	74.9166666667	0.25	2.72521874002	1
75	74.9166666667	0.5	2.76589038181	2
75	74.9166666667	0.75	2.8824906986	1
75	74.9166666667	1	2.94178098676	1
75	74.9166666667	1.25	3.00107127491	1
75	74.9166666667	1.5	3.06036156306	1
75	74.9166666667	1.75	3.11211304775	1
75	74.9166666667	2	3.16026139353	1
75	74.9166666667	2.25	3.20840973932	1
75	74.9166666667	2.5	3.2565580851	1
75	74.9166666667	2.75	3.2972970412	1
75	74.9166666667	3	3.33546406361	1
75	74.9166666667	3.25	3.37363108602	1
75	74.9166666667	3.5	3.41179810844	1
75	74.9166666667	3.75	3.44594475942	1
75	74.9166666667	4	3.4681405972	1
75	74.9166666667	4.25	3.49033643498	1
75	74.9166666667	4.5	3.53760547866	1
75	74.9166666667	4.75	3.51981763218	1
75	74.9166666667	5	3.5020297857	1
75	74.9166666667	5.25	3.48424193921	1
75	74.9166666667	5.5	3.49542391958	1
75	74.9166666667	5.75	3.38025067864	1
75	74.9166666667	6	3.2650774377	1
75	74.9166666667	6.25	3.14990419676	1
75	74.9166666667	6.5	2.98165925626	1
75	74.9166666667	6.75	2.73072476104	1
75	74.9166666667	7	2.39421160315	1
75	74.9166666667	7.25	1.82952578889	2
75	74.9166666667	7.5	0.818912998031	1
75.5	75.4166666667	0	2.67714465207	1
75.5	75.4166666667	0.25	2.71160569796	1
75.5	75.4166666667	0.5	2.74606674386	2
75.5	75.4166666667	0.75	2.79587626191	2
75.5	75.4166666667	1	2.92760786744	1
75.5	75.4166666667	1.25	2.98788268068	1
75.5	75.4166666667	1.5	3.04815749391	1
75.5	75.4166666667	1.75	3.0992878194	1
75.5	75.4166666667	2	3.15002154405	1
75.5	75.4166666667	2.25	3.20075526871	1
75.5	75.4166666667	2.5	3.24921870121	1
75.5	75.4166666667	2.75	3.2888078154	1
75.5	75.4166666667	3	3.3283969296	1
75.5	75.4166666667	3.25	3.36798604379	1
75.5	75.4166666667	3.5	3.41145270319	1
75.5	75.4166666667	3.75	3.43609556033	1
75.5	75.4166666667	4	3.46073841747	1
75.5	75.4166666667	4.25	3.48538127462	1
75.5	75.4166666667	4.5	3.51925018778	1
75.5	75.4166666667	4.75	3.50897833277	1
75.5	75.4166666667	5	3.49870647776	1
75.5	75.4166666667	5.25	3.48843462275	1
75.5	75.4166666667	5.5	3.47477756718	1
75.5	75.4166666667	5.75	3.37869165469	1
75.5	75.4166666667	6	3.28260574221	1
75.5	75.4166666667	6.25	3.20037640228	1
75.5	75.4166666667	6.5	3.00598805277	1
75.5	75.4166666667	6.75	2.78237287798	1
75.5	75.4166666667	7	2.45713639149	1
75.5	75.4166666667	7.25	2.13684414458	1
75.5	75.4166666667	7.5	1.06921172474	1
76	75.9166666667	0	2.67064897735	1
76	75.9166666667	0.25	2.6971324352	1
76	75.9166666667	0.5	2.72361589304	2
76	75.9166666667	0.75	2.77984180146	2
76	75.9166666667	1	2.91473470211	1
76	75.9166666667	1.25	2.97438724449	1
76	75.9166666667	1.5	3.03228104659	1
76	75.9166666667	1.75	3.0862458278	1
76	75.9166666667	2	3.14021060902	1
76	75.9166666667	2.25	3.19417539024	1
76	75.9166666667	2.5	3.23971532476	1
76	75.9166666667	2.75	3.28091735035	1
76	75.9166666667	3	3.32211937594	1
76	75.9166666667	3.25	3.36332140152	1
76	75.9166666667	3.5	3.40094510971	1
76	75.9166666667	3.75	3.4277841289	1
76	75.9166666667	4	3.45462314809	1
76	75.9166666667	4.25	3.48146216728	1
76	75.9166666667	4.5	3.50455628501	1
76	75.9166666667	4.75	3.50067955075	1
76	75.9166666667	5	3.49680281649	1
76	75.9166666667	5.25	3.53834092668	1
76	75.9166666667	5.5	3.45942150299	1
76	75.9166666667	5.75	3.38050207929	1
76	75.9166666667	6	3.3015826556	1
76	75.9166666667	6.25	3.21560308034	1
76	75.9166666667	6.5	3.02672201617	1
76	75.9166666667	6.75	2.83784095201	1
76	75.9166666667	7	2.51686123997	1
76	75.9166666667	7.25	2.18887897692	1
76	75.9166666667	7.5	1.24827140339	1
76.5	76.4166666667	0	2.66370842109	1
76.5	76.4166666667	0.25	2.68098430156	1
76.5	76.4166666667	0.5	2.70696665708	1
76.5	76.4166666667	0.75	2.76452786235	2
76.5	76.4166666667	1	2.89995664671	1
76.5	76.4166666667	1.25	2.95754737252	1
76.5	76.4166666667	1.5	3.01582019469	1
76.5	76.4166666667	1.75	3.07330420322	1
76.5	76.4166666667	2	3.13078821175	1
76.5	76.4166666667	2.25	3.18827222028	1
76.5	76.4166666667	2.5	3.2304694214	1
76.5	76.4166666667	2.75	3.27360108452	1
76.5	76.4166666667	3	3.31673274763	1
76.5	76.4166666667	3.25	3.3631148411	1
76.5	76.4166666667	3.5	3.3920049158	1
76.5	76.4166666667	3.75	3.42089499051	1
76.5	76.4166666667	4	3.44978506522	1
76.5	76.4166666667	4.25	3.49135821275	1
76.5	76.4166666667	4.5	3.49293505374	1
76.5	76.4166666667	4.75	3.49451189472	1
76.5	76.4166666667	5	3.4960887357	1
76.5	76.4166666667	5.25	3.51327806711	1
76.5	76.4166666667	5.5	3.44938532432	1
76.5	76.4166666667	5.75	3.38549258152	1
76.5	76.4166666667	6	3.32159983873	1
76.5	76.4166666667	6.25	3.22300543815	1
76.5	76.4166666667	6.5	3.04307054231	1
76.5	76.4166666667	6.75	2.86313564648	1
76.5	76.4166666667	7	2.62406248666	1
76.5	76.4166666667	7.25	2.24059863124	1
76.5	76.4166666667	7.5	1.41699071026	1
77	76.9166666667	0	2.65575210307	1
77	76.9166666667	0.25	2.66388177223	1
77	76.9166666667	0.5	2.69596928544	1
77	76.9166666667	0.75	2.75019158657	2
77	76.9166666667	1	2.80441388771	2
77	76.9166666667	1.25	2.93931428559	1
77	76.9166666667	1.5	2.99984889585	1
77	76.9166666667	1.75	3.06064313892	1
77	76.9166666667	2	3.12143738199	1
77	76.9166666667	2.25	3.17617481712	1
77	76.9166666667	2.5	3.22157769866	1
77	76.9166666667	2.75	3.26698058019	1
77	76.9166666667	3	3.31238346173	1
77	76.9166666667	3.25	3.35361923824	1
77	76.9166666667	3.5	3.38447035884	1
77	76.9166666667	3.75	3.41532147944	1
77	76.9166666667	4	3.44617260004	1
77	76.9166666667	4.25	3.47757498566	1
77	76.9166666667	4.5	3.48381297925	1
77	76.9166666667	4.75	3.49005097285	1
77	76.9166666667	5	3.49628896645	1
77	76.9166666667	5.25	3.49425746407	1
77	76.9166666667	5.5	3.44330762415	1
77	76.9166666667	5.75	3.39235778424	1
77	76.9166666667	6	3.39237423123	1
77	76.9166666667	6.25	3.22502858625	1
77	76.9166666667	6.5	3.05768294126	1
77	76.9166666667	6.75	2.89033729628	1
77	76.9166666667	7	2.65124299609	1
77	76.9166666667	7.25	2.28870387246	1
77	76.9166666667	7.5	1.57862283796	2
77.5	77.4166666667	0	2.64450129413	1
77.5	77.4166666667	0.25	2.6370162909	1
77.5	77.4166666667	0.5	2.68707822784	1
77.5	77.4166666667	0.75	2.73714016478	2
77.5	77.4166666667	1	2.78720210171	2
77.5	77.4166666667	1.25	2.92156481682	1
77.5	77.4166666667	1.5	2.98521209537	1
77.5	77.4166666667	1.75	3.04885937392	1
77.5	77.4166666667	2	3.11250665247	1
77.5	77.4166666667	2.25	3.1652988404	1
77.5	77.4166666667	2.5	3.21311367498	1
77.5	77.4166666667	2.75	3.26092850956	1
77.5	77.4166666667	3	3.30874334413	1
77.5	77.4166666667	3.25	3.34506446244	1
77.5	77.4166666667	3.5	3.37791398218	1
77.5	77.4166666667	3.75	3.41076350193	1
77.5	77.4166666667	4	3.45621987862	1
77.5	77.4166666667	4.25	3.46650269612	1
77.5	77.4166666667	4.5	3.47678551362	1
77.5	77.4166666667	4.75	3.48706833112	1
77.5	77.4166666667	5	3.52095868683	1
77.5	77.4166666667	5.25	3.48084129088	1
77.5	77.4166666667	5.5	3.44072389494	1
77.5	77.4166666667	5.75	3.40060649899	1
77.5	77.4166666667	6	3.37486449662	1
77.5	77.4166666667	6.25	3.22375723942	1
77.5	77.4166666667	6.5	3.07264998222	1
77.5	77.4166666667	6.75	2.92154272501	1
77.5	77.4166666667	7	2.6845540287	1
77.5	77.4166666667	7.25	2.33937729822	1
77.5	77.4166666667	7.5	1.73374874196	2
77.5	77.4166666667	7.75	0.444113846607	1
78	77.9166666667	0	2.63438016586	1
78	77.9166666667	0.25	2.63459080278	1
78	77.9166666667	0.5	2.67948141111	1
78	77.9166666667	0.75	2.72437201943	2
78	77.9166666667	1	2.76926262775	2
78	77.9166666667	1.25	2.90678224807	1
78	77.9166666667	1.5	2.97243059385	1
78	77.9166666667	1.75	3.03807893963	1
78	77.9166666667	2	3.10372728542	1
78	77.9166666667	2.25	3.15427416421	1
78	77.9166666667	2.5	3.2047410799	1
78	77.9166666667	2.75	3.25520799559	1
78	77.9166666667	3	3.30255022324	1
78	77.9166666667	3.25	3.33750486572	1
78	77.9166666667	3.5	3.37245950819	1
78	77.9166666667	3.75	3.40741415067	1
78	77.9166666667	4	3.44378154996	1
78	77.9166666667	4.25	3.45763427141	1
78	77.9166666667	4.5	3.47148699286	1
78	77.9166666667	4.75	3.48533971431	1
78	77.9166666667	5	3.50199208813	1
78	77.9166666667	5.25	3.47119166123	1
78	77.9166666667	5.5	3.44039123434	1
78	77.9166666667	5.75	3.40959080744	1
78	77.9166666667	6	3.35672256315	1
78	77.9166666667	6.25	3.22467298959	1
78	77.9166666667	6.5	3.09262341603	1
78	77.9166666667	6.75	2.95131185209	1
78	77.9166666667	7	2.71796930408	1
78	77.9166666667	7.25	2.387398077	1
78	77.9166666667	7.5	2.05682684992	1
78	77.9166666667	7.75	0.896078944253	2
78.5	78.4166666667	0	2.62346169371	1
78.5	78.4166666667	0.25	2.63421604473	1
78.5	78.4166666667	0.5	2.6724711141	1
78.5	78.4166666667	0.75	2.71072618347	1
78.5	78.4166666667	1	2.75109578813	2
78.5	78.4166666667	1.25	2.89493257511	1
78.5	78.4166666667	1.5	2.96104783658	1
78.5	78.4166666667	1.75	3.02716309806	1
78.5	78.4166666667	2	3.08960608272	1
78.5	78.4166666667	2.25	3.14339210193	1
78.5	78.4166666667	2.5	3.19717812114	1
78.5	78.4166666667	2.75	3.25096414035	1
78.5	78.4166666667	3	3.293469093	1
78.5	78.4166666667	3.25	3.33066226269	1
78.5	78.4166666667	3.5	3.36785543238	1
78.5	78.4166666667	3.75	3.40504860207	1
78.5	78.4166666667	4	3.43352724301	1
78.5	78.4166666667	4.25	3.45060034866	1
78.5	78.4166666667	4.5	3.46767345432	1
78.5	78.4166666667	4.75	3.5099973104	1
78.5	78.4166666667	5	3.48742268353	1
78.5	78.4166666667	5.25	3.46484805666	1
78.5	78.4166666667	5.5	3.4422734298	1
78.5	78.4166666667	5.75	3.45596150547	1
78.5	78.4166666667	6	3.34317099374	1
78.5	78.4166666667	6.25	3.23038048202	1
78.5	78.4166666667	6.5	3.11758997029	1
78.5	78.4166666667	6.75	2.96480474805	1
78.5	78.4166666667	7	2.74765699556	1
78.5	78.4166666667	7.25	2.43092849641	1
78.5	78.4166666667	7.5	2.11419999725	1
78.5	78.4166666667	7.75	1.08525904675	1
79	78.9166666667	0	2.60366655068	1
79	78.9166666667	0.25	2.63400006189	1
79	78.9166666667	0.5	2.6643335731	1
79	78.9166666667	0.75	2.6946670843	1
79	78.9166666667	1	2.73956137282	2
79	78.9166666667	1.25	2.80462356187	2
79	78.9166666667	1.5	2.94982377411	1
79	78.9166666667	1.75	3.01487715489	1
79	78.9166666667	2	3.07530198549	1
79	78.9166666667	2.25	3.13287402391	1
79	78.9166666667	2.5	3.19044606233	1
79	78.9166666667	2.75	3.24801810075	1
79	78.9166666667	3	3.28518104025	1
79	78.9166666667	3.25	3.32479950343	1
79	78.9166666667	3.5	3.36441796661	1
79	78.9166666667	3.75	3.40504962324	1
79	78.9166666667	4	3.42509493241	1
79	78.9166666667	4.25	3.44514024158	1
79	78.9166666667	4.5	3.46518555074	1
79	78.9166666667	4.75	3.49220916724	1
79	78.9166666667	5	3.47676407129	1
79	78.9166666667	5.25	3.46131897534	1
79	78.9166666667	5.5	3.44587387939	1
79	78.9166666667	5.75	3.4306346202	1
79	78.9166666667	6	3.33523173867	1
79	78.9166666667	6.25	3.23982885713	1
79	78.9166666667	6.5	3.14442597559	1
79	78.9166666667	6.75	2.97704932336	1
79	78.9166666667	7	2.77622967122	1
79	78.9166666667	7.25	2.47128286271	1
79	78.9166666667	7.5	2.18178352171	1
79	78.9166666667	7.75	1.21899004645	1
79.5	79.4166666667	0	2.61126666897	1
79.5	79.4166666667	0.25	2.63280082052	1
79.5	79.4166666667	0.5	2.65433497207	1
79.5	79.4166666667	0.75	2.67586912361	1
79.5	79.4166666667	1	2.72922065783	1
79.5	79.4166666667	1.25	2.79177002947	2
79.5	79.4166666667	1.5	2.93575845184	1
79.5	79.4166666667	1.75	3.00054187331	1
79.5	79.4166666667	2	3.0619346161	1
79.5	79.4166666667	2.25	3.1233273589	1
79.5	79.4166666667	2.5	3.1847201017	1
79.5	79.4166666667	2.75	3.23535225223	1
79.5	79.4166666667	3	3.27759638869	1
79.5	79.4166666667	3.25	3.31984052515	1
79.5	79.4166666667	3.5	3.36208466161	1
79.5	79.4166666667	3.75	3.39540338084	1
79.5	79.4166666667	4	3.41827384992	1
79.5	79.4166666667	4.25	3.441144319	1
79.5	79.4166666667	4.5	3.46401478809	1
79.5	79.4166666667	4.75	3.47833637475	1
79.5	79.4166666667	5	3.46908610794	1
79.5	79.4166666667	5.25	3.45983584114	1
79.5	79.4166666667	5.5	3.49162098981	1
79.5	79.4166666667	5.75	3.41194116057	1
79.5	79.4166666667	6	3.33226133133	1
79.5	79.4166666667	6.25	3.25258150208	1
79.5	79.4166666667	6.5	3.16814159899	1
79.5	79.4166666667	6.75	2.98626659899	1
79.5	79.4166666667	7	2.79755000571	1
79.5	79.4166666667	7.25	2.5132337664	1
79.5	79.4166666667	7.5	2.20601405254	1
79.5	79.4166666667	7.75	1.3471231626	1
80	79.9166666667	0	2.61707759689	1
80	79.9166666667	0.25	2.62932146028	1
80	79.9166666667	0.5	2.64156532368	1
80	79.9166666667	0.75	2.66100133629	1
80	79.9166666667	1	2.72003392991	1
80	79.9166666667	1.25	2.77906652353	2
80	79.9166666667	1.5	2.92147894017	1
80	79.9166666667	1.75	2.98500983938	1
80	79.9166666667	2	3.04971666241	1
80	79.9166666667	2.25	3.11442348543	1
80	79.9166666667	2.5	3.17913030846	1
80	79.9166666667	2.75	3.22561895981	1
80	79.9166666667	3	3.27072290437	1
80	79.9166666667	3.25	3.31582684893	1
80	79.9166666667	3.5	3.36163260355	1
80	79.9166666667	3.75	3.3872649408	1
80	79.9166666667	4	3.41289727805	1
80	79.9166666667	4.25	3.43852961529	1
80	79.9166666667	4.5	3.47137824204	1
80	79.9166666667	4.75	3.46759489092	1
80	79.9166666667	5	3.4638115398	1
80	79.9166666667	5.25	3.46002818868	1
80	79.9166666667	5.5	3.46580266798	1
80	79.9166666667	5.75	3.39993553884	1
80	79.9166666667	6	3.33406840971	1
80	79.9166666667	6.25	3.26820128057	1
80	79.9166666667	6.5	3.16643461973	1
80	79.9166666667	6.75	2.99313741693	1
80	79.9166666667	7	2.81106457404	2
80	79.9166666667	7.25	2.59955506199	1
80	79.9166666667	7.5	2.23405311267	1
80	79.9166666667	7.75	1.46494061727	1
80.5	80.4166666667	0	2.62000054751	1
80.5	80.4166666667	0.25	2.62303950162	1
80.5	80.4166666667	0.5	2.62607845573	1
80.5	80.4166666667	0.75	2.65694510862	1
80.5	80.4166666667	1	2.71152797848	1
80.5	80.4166666667	1.25	2.76611084833	2
80.5	80.4166666667	1.5	2.90678854426	1
80.5	80.4166666667	1.75	2.97133337395	1
80.5	80.4166666667	2	3.03884403493	1
80.5	80.4166666667	2.25	3.10635469591	1
80.5	80.4166666667	2.5	3.16848806661	1
80.5	80.4166666667	2.75	3.2165563697	1
80.5	80.4166666667	3	3.2646246728	1
80.5	80.4166666667	3.25	3.31269297589	1
80.5	80.4166666667	3.5	3.35201717631	1
80.5	80.4166666667	3.75	3.38040565016	1
80.5	80.4166666667	4	3.40879412402	1
80.5	80.4166666667	4.25	3.43718259787	1
80.5	80.4166666667	4.5	3.45849181225	1
80.5	80.4166666667	4.75	3.459585729	1
80.5	80.4166666667	5	3.46067964576	1
80.5	80.4166666667	5.25	3.46177356251	1
80.5	80.4166666667	5.5	3.446752758	1
80.5	80.4166666667	5.75	3.39291871317	1
80.5	80.4166666667	6	3.33908466835	1
80.5	80.4166666667	6.25	3.3224839581	1
80.5	80.4166666667	6.5	3.16139661929	1
80.5	80.4166666667	6.75	3.00030928049	1
80.5	80.4166666667	7	2.83922194169	1
80.5	80.4166666667	7.25	2.60748015007	1
80.5	80.4166666667	7.5	2.26227755069	1
80.5	80.4166666667	7.75	1.57627123948	2
81	80.9166666667	0	2.61920617712	1
81	80.9166666667	0.25	2.61302280825	1
81	80.9166666667	0.5	2.60409412463	1
81	80.9166666667	0.75	2.6533904999	1
81	80.9166666667	1	2.70268687517	1
81	80.9166666667	1.25	2.75198325043	2
81	80.9166666667	1.5	2.81235891707	2
81	80.9166666667	1.75	2.96004470336	1
81	80.9166666667	2	3.02958579194	1
81	80.9166666667	2.25	3.09912688052	1
81	80.9166666667	2.5	3.15701624568	1
81	80.9166666667	2.75	3.20817686468	1
81	80.9166666667	3	3.25933748368	1
81	80.9166666667	3.25	3.31049810267	1
81	80.9166666667	3.5	3.3433585709	1
81	80.9166666667	3.75	3.37458856023	1
81	80.9166666667	4	3.40581854955	1
81	80.9166666667	4.25	3.44296921462	1
81	80.9166666667	4.5	3.44847081548	1
81	80.9166666667	4.75	3.45397241633	1
81	80.9166666667	5	3.45947401719	1
81	80.9166666667	5.25	3.47689881645	1
81	80.9166666667	5.5	3.43354593798	1
81	80.9166666667	5.75	3.39019305952	1
81	80.9166666667	6	3.34684018105	1
81	80.9166666667	6.25	3.30177401337	1
81	80.9166666667	6.5	3.15562673482	1
81	80.9166666667	6.75	3.00947945628	1
81	80.9166666667	7	2.86333217773	1
81	80.9166666667	7.25	2.62041502945	1
81	80.9166666667	7.5	2.29261782666	1
81	80.9166666667	7.75	1.67956418958	2
81	80.9166666667	8	0.279308868133	1
81.5	81.4166666667	0	2.61477569283	1
81.5	81.4166666667	0.25	2.60166002119	1
81.5	81.4166666667	0.5	2.60652299788	1
81.5	81.4166666667	0.75	2.64926579404	1
81.5	81.4166666667	1	2.6920085902	1
81.5	81.4166666667	1.25	2.73475138636	2
81.5	81.4166666667	1.5	2.80193568787	2
81.5	81.4166666667	1.75	2.9510674607	1
81.5	81.4166666667	2	3.02107813306	1
81.5	81.4166666667	2.25	3.0906290611	1
81.5	81.4166666667	2.5	3.14554635032	1
81.5	81.4166666667	2.75	3.20046363954	1
81.5	81.4166666667	3	3.25538092876	1
81.5	81.4166666667	3.25	3.30191637562	1
81.5	81.4166666667	3.5	3.33608393165	1
81.5	81.4166666667	3.75	3.37025148768	1
81.5	81.4166666667	4	3.40441904371	1
81.5	81.4166666667	4.25	3.43126611629	1
81.5	81.4166666667	4.5	3.4407890374	1
81.5	81.4166666667	4.75	3.45031195851	1
81.5	81.4166666667	5	3.45983487961	1
81.5	81.4166666667	5.25	3.45938719958	1
81.5	81.4166666667	5.5	3.42496350694	1
81.5	81.4166666667	5.75	3.3905398143	1
81.5	81.4166666667	6	3.40985629513	1
81.5	81.4166666667	6.25	3.28182591134	1
81.5	81.4166666667	6.5	3.15379552754	1
81.5	81.4166666667	6.75	3.02576514375	1
81.5	81.4166666667	7	2.87253172255	1
81.5	81.4166666667	7.25	2.63699860133	1
81.5	81.4166666667	7.5	2.32430132242	1
81.5	81.4166666667	7.75	1.77433625782	2
81.5	81.4166666667	8	0.613379659704	1
82	81.9166666667	0	2.60769007039	1
82	81.9166666667	0.25	2.57326308685	1
82	81.9166666667	0.5	2.60821506123	1
82	81.9166666667	0.75	2.64316703562	1
82	81.9166666667	1	2.67811901001	1
82	81.9166666667	1.25	2.72230201622	1
82	81.9166666667	1.5	2.79125521819	2
82	81.9166666667	1.75	2.9413338569	1
82	81.9166666667	2	3.01030658418	1
82	81.9166666667	2.25	3.07621463417	1
82	81.9166666667	2.5	3.13540620301	1
82	81.9166666667	2.75	3.19459777184	1
82	81.9166666667	3	3.25378934068	1
82	81.9166666667	3.25	3.29286948949	1
82	81.9166666667	3.5	3.33004432958	1
82	81.9166666667	3.75	3.36721916966	1
82	81.9166666667	4	3.40848249761	1
82	81.9166666667	4.25	3.42177492023	1
82	81.9166666667	4.5	3.43506734286	1
82	81.9166666667	4.75	3.44835976549	1
82	81.9166666667	5	3.4728549937	1
82	81.9166666667	5.25	3.44645573997	1
82	81.9166666667	5.5	3.42005648623	1
82	81.9166666667	5.75	3.3936572325	1
82	81.9166666667	6	3.37824723441	1
82	81.9166666667	6.25	3.26811649802	1
82	81.9166666667	6.5	3.15798576163	1
82	81.9166666667	6.75	3.04785502523	1
82	81.9166666667	7	2.88111207149	1
82	81.9166666667	7.25	2.65453044708	1
82	81.9166666667	7.5	2.35528654464	1
82	81.9166666667	7.75	1.86451863978	2
82	81.9166666667	8	0.983409617219	1
82.5	82.4166666667	0	2.59760979612	1
82.5	82.4166666667	0.25	2.58105100708	1
82.5	82.4166666667	0.5	2.60730234112	1
82.5	82.4166666667	0.75	2.63355367517	1
82.5	82.4166666667	1	2.65980500921	1
82.5	82.4166666667	1.25	2.7135958974	1
82.5	82.4166666667	1.5	2.78032905342	2
82.5	82.4166666667	1.75	2.92960993738	1
82.5	82.4166666667	2	2.99968272026	1
82.5	82.4166666667	2.25	3.06306758167	1
82.5	82.4166666667	2.5	3.12645244308	1
82.5	82.4166666667	2.75	3.18983730449	1
82.5	82.4166666667	3	3.24441382923	1
82.5	82.4166666667	3.25	3.28487807683	1
82.5	82.4166666667	3.5	3.32534232443	1
82.5	82.4166666667	3.75	3.36580657203	1
82.5	82.4166666667	4	3.39753732146	1
82.5	82.4166666667	4.25	3.4143790059	1
82.5	82.4166666667	4.5	3.43122069033	1
82.5	82.4166666667	4.75	3.44806237477	1
82.5	82.4166666667	5	3.4568040823	1
82.5	82.4166666667	5.25	3.43747910898	1
82.5	82.4166666667	5.5	3.41815413567	1
82.5	82.4166666667	5.75	3.44891680963	1
82.5	82.4166666667	6	3.35523484592	1
82.5	82.4166666667	6.25	3.2615528822	1
82.5	82.4166666667	6.5	3.16787091849	1
82.5	82.4166666667	6.75	3.06698249476	1
82.5	82.4166666667	7	2.88803202306	1
82.5	82.4166666667	7.25	2.67254610178	1
82.5	82.4166666667	7.5	2.38452569362	1
82.5	82.4166666667	7.75	2.08047576693	1
82.5	82.4166666667	8	1.07574923978	1
83	82.9166666667	0	2.58545545149	1
83	82.9166666667	0.25	2.58645398409	1
83	82.9166666667	0.5	2.60323093179	1
83	82.9166666667	0.75	2.6200078795	1
83	82.9166666667	1	2.64179129333	1
83	82.9166666667	1.25	2.70518829196	1
83	82.9166666667	1.5	2.7685852906	2
83	82.9166666667	1.75	2.9171497007	1
83	82.9166666667	2	2.9840599556	1
83	82.9166666667	2.25	3.05138919786	1
83	82.9166666667	2.5	3.11871844012	1
83	82.9166666667	2.75	3.18604768238	1
83	82.9166666667	3	3.23433543293	1
83	82.9166666667	3.25	3.27819470799	1
83	82.9166666667	3.5	3.32205398304	1
83	82.9166666667	3.75	3.36591325809	1
83	82.9166666667	4	3.38854169321	1
83	82.9166666667	4.25	3.4088511916	1
83	82.9166666667	4.5	3.42916069	1
83	82.9166666667	4.75	3.45775813175	1
83	82.9166666667	5	3.44474585853	1
83	82.9166666667	5.25	3.43173358532	1
83	82.9166666667	5.5	3.41872131211	1
83	82.9166666667	5.75	3.41838027988	1
83	82.9166666667	6	3.33949820944	1
83	82.9166666667	6.25	3.26061613901	1
83	82.9166666667	6.5	3.18173406857	1
83	82.9166666667	6.75	3.06574945741	1
83	82.9166666667	7	2.89093718635	1
83	82.9166666667	7.25	2.68423772804	1
83	82.9166666667	7.5	2.42317389825	1
83	82.9166666667	7.75	2.09527458622	1
83	82.9166666667	8	1.16296167877	1
83.5	83.4166666667	0	2.58234089553	1
83.5	83.4166666667	0.25	2.58895070364	1
83.5	83.4166666667	0.5	2.59556051174	1
83.5	83.4166666667	0.75	2.60217031984	1
83.5	83.4166666667	1	2.63778697768	1
83.5	83.4166666667	1.25	2.69697277003	1
83.5	83.4166666667	1.5	2.75615856238	2
83.5	83.4166666667	1.75	2.9039932387	1
83.5	83.4166666667	2	2.97092352702	1
83.5	83.4166666667	2.25	3.04157917734	1
83.5	83.4166666667	2.5	3.11223482766	1
83.5	83.4166666667	2.75	3.17782776997	1
83.5	83.4166666667	3	3.22525573155	1
83.5	83.4166666667	3.25	3.27268369313	1
83.5	83.4166666667	3.5	3.32011165471	1
83.5	83.4166666667	3.75	3.35748833706	1
83.5	83.4166666667	4	3.38123166684	1
83.5	83.4166666667	4.25	3.40497499662	1
83.5	83.4166666667	4.5	3.42871832639	1
83.5	83.4166666667	4.75	3.44337480341	1
83.5	83.4166666667	5	3.43603755688	1
83.5	83.4166666667	5.25	3.42870031035	1
83.5	83.4166666667	5.5	3.42136306381	1
83.5	83.4166666667	5.75	3.39660975074	1
83.5	83.4166666667	6	3.33074528969	1
83.5	83.4166666667	6.25	3.26488082864	1
83.5	83.4166666667	6.5	3.22678996119	1
83.5	83.4166666667	6.75	3.06053810934	1
83.5	83.4166666667	7	2.89428625749	1
83.5	83.4166666667	7.25	2.69840641989	1
83.5	83.4166666667	7.5	2.46416088705	1
83.5	83.4166666667	7.75	2.11511991871	1
83.5	83.4166666667	8	1.24308201728	1
84	83.9166666667	0	2.59192553013	1
84	83.9166666667	0.25	2.58828892394	1
84	83.9166666667	0.5	2.58465231775	1
84	83.9166666667	0.75	2.58142130526	1
84	83.9166666667	1	2.63489145452	1
84	83.9166666667	1.25	2.68836160377	1
84	83.9166666667	1.5	2.74183175303	2
84	83.9166666667	1.75	2.80637372548	2
84	83.9166666667	2	2.9603989234	1
84	83.9166666667	2.25	3.03348857121	1
84	83.9166666667	2.5	3.10657821903	1
84	83.9166666667	2.75	3.1657281105	1
84	83.9166666667	3	3.21698478072	1
84	83.9166666667	3.25	3.26824145094	1
84	83.9166666667	3.5	3.31949812117	1
84	83.9166666667	3.75	3.34841729737	1
84	83.9166666667	4	3.37566382885	1
84	83.9166666667	4.25	3.40291036033	1
84	83.9166666667	4.5	3.43461297025	1
84	83.9166666667	4.75	3.43245715382	1
84	83.9166666667	5	3.43030133738	1
84	83.9166666667	5.25	3.42814552094	1
84	83.9166666667	5.5	3.43609404766	1
84	83.9166666667	5.75	3.3816516784	1
84	83.9166666667	6	3.32720930913	1
84	83.9166666667	6.25	3.27276693987	1
84	83.9166666667	6.5	3.20894888134	1
84	83.9166666667	6.75	3.0547985746	1
84	83.9166666667	7	2.90064826785	1
84	83.9166666667	7.25	2.71599636467	1
84	83.9166666667	7.5	2.46465382168	1
84	83.9166666667	7.75	2.13630828728	1
84	83.9166666667	8	1.31779316425	1
84.5	84.4166666667	0	2.59556734306	1
84.5	84.4166666667	0.25	2.5844319486	1
84.5	84.4166666667	0.5	2.57329655415	1
84.5	84.4166666667	0.75	2.58547229089	1
84.5	84.4166666667	1	2.63158755237	1
84.5	84.4166666667	1.25	2.67770281384	1
84.5	84.4166666667	1.5	2.72381807531	2
84.5	84.4166666667	1.75	2.79658254749	2
84.5	84.4166666667	2	2.95225614604	1
84.5	84.4166666667	2.25	3.02582642501	1
84.5	84.4166666667	2.5	3.09839514617	1
84.5	84.4166666667	2.75	3.15424359868	1
84.5	84.4166666667	3	3.21009205119	1
84.5	84.4166666667	3.25	3.26594050369	1
84.5	84.4166666667	3.5	3.30992502066	1
84.5	84.4166666667	3.75	3.34082149878	1
84.5	84.4166666667	4	3.37171797691	1
84.5	84.4166666667	4.25	3.40261445503	1
84.5	84.4166666667	4.5	3.42189045958	1
84.5	84.4166666667	4.75	3.42452653215	1
84.5	84.4166666667	5	3.42716260473	1
84.5	84.4166666667	5.25	3.4297986773	1
84.5	84.4166666667	5.5	3.41675863908	1
84.5	84.4166666667	5.75	3.372496912	1
84.5	84.4166666667	6	3.32823518492	1
84.5	84.4166666667	6.25	3.32988181675	1
84.5	84.4166666667	6.5	3.19087062272	1
84.5	84.4166666667	6.75	3.05185942869	1
84.5	84.4166666667	7	2.91284823466	1
84.5	84.4166666667	7.25	2.78028811407	1
84.5	84.4166666667	7.5	2.46944593901	1
84.5	84.4166666667	7.75	2.15860376394	1
84.5	84.4166666667	8	1.38846375716	1
85	84.9166666667	0	2.59412713036	1
85	84.9166666667	0.25	2.57662179418	1
85	84.9166666667	0.5	2.55067000535	1
85	84.9166666667	0.75	2.58834609927	1
85	84.9166666667	1	2.62602219319	1
85	84.9166666667	1.25	2.6636982871	1
85	84.9166666667	1.5	2.71524487328	1
85	84.9166666667	1.75	2.78752328237	2
85	84.9166666667	2	2.94250198564	1
85	84.9166666667	2.25	3.01478806483	1
85	84.9166666667	2.5	3.08307303263	1
85	84.9166666667	2.75	3.14395883839	1
85	84.9166666667	3	3.20484464415	1
85	84.9166666667	3.25	3.26573044992	1
85	84.9166666667	3.5	3.30032668882	1
85	84.9166666667	3.75	3.33504387132	1
85	84.9166666667	4	3.36976105382	1
85	84.9166666667	4.25	3.40489750752	1
85	84.9166666667	4.5	3.41203236893	1
85	84.9166666667	4.75	3.41916723033	1
85	84.9166666667	5	3.42630209174	1
85	84.9166666667	5.25	3.43900470501	1
85	84.9166666667	5.5	3.40354628283	1
85	84.9166666667	5.75	3.36808786066	1
85	84.9166666667	6	3.33262943849	1
85	84.9166666667	6.25	3.29807667899	1
85	84.9166666667	6.5	3.17668660428	1
85	84.9166666667	6.75	3.05529652958	1
85	84.9166666667	7	2.93390645487	1
85	84.9166666667	7.25	2.77857677498	1
85	84.9166666667	7.5	2.48214190388	1
85	84.9166666667	7.75	2.18570703278	1
85	84.9166666667	8	1.45570406413	1
85.5	85.4166666667	0	2.58865590343	1
85.5	85.4166666667	0.25	2.5652354125	1
85.5	85.4166666667	0.5	2.55892331756	1
85.5	85.4166666667	0.75	2.58789343495	1
85.5	85.4166666667	1	2.61686355235	1
85.5	85.4166666667	1.25	2.64583366975	1
85.5	85.4166666667	1.5	2.70818165202	1
85.5	85.4166666667	1.75	2.77794078824	2
85.5	85.4166666667	2	2.93125773902	1
85.5	85.4166666667	2.25	3.00447247833	1
85.5	85.4166666667	2.5	3.07004344952	1
85.5	85.4166666667	2.75	3.1356144207	1
85.5	85.4166666667	3	3.20118539189	1
85.5	85.4166666667	3.25	3.25345073891	1
85.5	85.4166666667	3.5	3.29217142121	1
85.5	85.4166666667	3.75	3.33089210351	1
85.5	85.4166666667	4	3.36961278582	1
85.5	85.4166666667	4.25	3.39321076684	1
85.5	85.4166666667	4.5	3.40469264317	1
85.5	85.4166666667	4.75	3.41617451951	1
85.5	85.4166666667	5	3.42765639584	1
85.5	85.4166666667	5.25	3.42261283922	1
85.5	85.4166666667	5.5	3.39504613698	1
85.5	85.4166666667	5.75	3.36747943474	1
85.5	85.4166666667	6	3.37870032833	1
85.5	85.4166666667	6.25	3.27444472534	1
85.5	85.4166666667	6.5	3.17018912236	1
85.5	85.4166666667	6.75	3.06593351937	1
85.5	85.4166666667	7	2.93738637771	1
85.5	85.4166666667	7.25	2.77839240642	1
85.5	85.4166666667	7.5	2.4955585302	1
85.5	85.4166666667	7.75	2.21272465398	1
85.5	85.4166666667	8	1.51596026238	1
86	85.9166666667	0	2.57946411077	1
86	85.9166666667	0.25	2.54290224896	1
86	85.9166666667	0.5	2.56290491705	1
86	85.9166666667	0.75	2.58290758514	1
86	85.9166666667	1	2.60291025323	1
86	85.9166666667	1.25	2.63547435967	1
86	85.9166666667	1.5	2.70167914003	1
86	85.9166666667	1.75	2.76788392039	2
86	85.9166666667	2	2.91947088664	1
86	85.9166666667	2.25	2.98954397729	1
86	85.9166666667	2.5	3.05915485149	1
86	85.9166666667	2.75	3.12876572569	1
86	85.9166666667	3	3.19837659989	1
86	85.9166666667	3.25	3.24258745398	1
86	85.9166666667	3.5	3.28548724076	1
86	85.9166666667	3.75	3.32838702754	1
86	85.9166666667	4	3.36823386026	1
86	85.9166666667	4.25	3.38401294243	1
86	85.9166666667	4.5	3.39979202461	1
86	85.9166666667	4.75	3.41557110679	1
86	85.9166666667	5	3.43144801713	1
86	85.9166666667	5.25	3.41102112278	1
86	85.9166666667	5.5	3.39059422844	1
86	85.9166666667	5.75	3.37016733409	1
86	85.9166666667	6	3.3487312152	1
86	85.9166666667	6.25	3.26007326429	1
86	85.9166666667	6.5	3.17141531338	1
86	85.9166666667	6.75	3.08275736248	1
86	85.9166666667	7	2.93499866634	1
86	85.9166666667	7.25	2.77494007443	1
86	85.9166666667	7.5	2.51060064354	1
86	85.9166666667	7.75	2.26682909626	1
86	85.9166666667	8	1.57277077751	2
86	85.9166666667	8.25	0.116937061257	1
86.5	86.4166666667	0	2.56633106403	1
86.5	86.4166666667	0.25	2.55144850252	1
86.5	86.4166666667	0.5	2.56197144809	1
86.5	86.4166666667	0.75	2.57249439366	1
86.5	86.4166666667	1	2.58301733923	1
86.5	86.4166666667	1.25	2.63297482931	1
86.5	86.4166666667	1.5	2.69477386982	1
86.5	86.4166666667	1.75	2.75657291033	2
86.5	86.4166666667	2	2.90421485133	1
86.5	86.4166666667	2.25	2.97731719675	1
86.5	86.4166666667	2.5	3.05041954216	1
86.5	86.4166666667	2.75	3.12352188758	1
86.5	86.4166666667	3	3.18630428398	1
86.5	86.4166666667	3.25	3.23342541525	1
86.5	86.4166666667	3.5	3.28054654652	1
86.5	86.4166666667	3.75	3.32766767779	1
86.5	86.4166666667	4	3.35710520916	1
86.5	86.4166666667	4.25	3.37715857095	1
86.5	86.4166666667	4.5	3.39721193274	1
86.5	86.4166666667	4.75	3.41726529453	1
86.5	86.4166666667	5	3.41751890642	1
86.5	86.4166666667	5.25	3.40357013374	1
86.5	86.4166666667	5.5	3.38962136106	1
86.5	86.4166666667	5.75	3.40248431361	1
86.5	86.4166666667	6	3.3277191055	1
86.5	86.4166666667	6.25	3.25295389739	1
86.5	86.4166666667	6.5	3.17818868928	1
86.5	86.4166666667	6.75	3.09771139026	1
86.5	86.4166666667	7	2.93083057089	1
86.5	86.4166666667	7.25	2.76826418924	1
86.5	86.4166666667	7.5	2.53161752257	1
86.5	86.4166666667	7.75	2.25914132212	1
86.5	86.4166666667	8	1.62371147104	2
86.5	86.4166666667	8.25	0.315491983366	1
87	86.9166666667	0	2.55351823068	1
87	86.9166666667	0.25	2.55431513899	1
87	86.9166666667	0.5	2.55511204731	1
87	86.9166666667	0.75	2.55590895562	1
87	86.9166666667	1	2.5729081124	1
87	86.9166666667	1.25	2.62905683309	1
87	86.9166666667	1.5	2.68520555377	1
87	86.9166666667	1.75	2.74135427445	2
87	86.9166666667	2	2.89292844556	1
87	86.9166666667	2.25	2.96836067608	1
87	86.9166666667	2.5	3.04379290661	1
87	86.9166666667	2.75	3.11922513713	1
87	86.9166666667	3	3.17424716393	1
87	86.9166666667	3.25	3.22603211591	1
87	86.9166666667	3.5	3.27781706788	1
87	86.9166666667	3.75	3.32375388197	1
87	86.9166666667	4	3.34810820427	1
87	86.9166666667	4.25	3.37246252658	1
87	86.9166666667	4.5	3.39681684888	1
87	86.9166666667	4.75	3.41548255625	1
87	86.9166666667	5	3.40749429585	1
87	86.9166666667	5.25	3.39950603544	1
87	86.9166666667	5.5	3.39151777503	1
87	86.9166666667	5.75	3.37718716092	1
87	86.9166666667	6	3.31475912254	1
87	86.9166666667	6.25	3.25233108416	1
87	86.9166666667	6.5	3.18990304578	1
87	86.9166666667	6.75	3.085039072	1
87	86.9166666667	7	2.92740142319	1
87	86.9166666667	7.25	2.76428986733	1
87	86.9166666667	7.5	2.58801244717	1
87	86.9166666667	7.75	2.25866059531	1
87	86.9166666667	8	1.67163250904	2
87	86.9166666667	8.25	0.509823031266	1
87.5	87.4166666667	0	2.5604509473	1
87.5	87.4166666667	0.25	2.55154369784	1
87.5	87.4166666667	0.5	2.54263644837	1
87.5	87.4166666667	0.75	2.5337291989	1
87.5	87.4166666667	1	2.57330525609	1
87.5	87.4166666667	1.25	2.62208327103	1
87.5	87.4166666667	1.5	2.67086128598	1
87.5	87.4166666667	1.75	2.72895933556	1
87.5	87.4166666667	2	2.80481008183	2
87.5	87.4166666667	2.25	2.96095276785	1
87.5	87.4166666667	2.5	3.03690253691	1
87.5	87.4166666667	2.75	3.10628405763	1
87.5	87.4166666667	3	3.16356527428	1
87.5	87.4166666667	3.25	3.22084649093	1
87.5	87.4166666667	3.5	3.27812770758	1
87.5	87.4166666667	3.75	3.3127042754	1
87.5	87.4166666667	4	3.34145294136	1
87.5	87.4166666667	4.25	3.37020160731	1
87.5	87.4166666667	4.5	3.39895027327	1
87.5	87.4166666667	4.75	3.40340266276	1
87.5	87.4166666667	5	3.40098262012	1
87.5	87.4166666667	5.25	3.39856257748	1
87.5	87.4166666667	5.5	3.4116001164	1
87.5	87.4166666667	5.75	3.35996991362	1
87.5	87.4166666667	6	3.30833971085	1
87.5	87.4166666667	6.25	3.25670950807	1
87.5	87.4166666667	6.5	3.21663154968	1
87.5	87.4166666667	6.75	3.07216378812	1
87.5	87.4166666667	7	2.92769602657	1
87.5	87.4166666667	7.25	2.76723557486	1
87.5	87.4166666667	7.5	2.57068473108	1
87.5	87.4166666667	7.75	2.26085564261	1
87.5	87.4166666667	8	1.7177329773	2
87.5	87.4166666667	8.25	0.682581352342	1
88	87.9166666667	0	2.56179254006	1
88	87.9166666667	0.25	2.54380427965	1
88	87.9166666667	0.5	2.52581601925	1
88	87.9166666667	0.75	2.53030289471	1
88	87.9166666667	1	2.57031089898	1
88	87.9166666667	1.25	2.61031890325	1
88	87.9166666667	1.5	2.65032690752	1
88	87.9166666667	1.75	2.7192915513	1
88	87.9166666667	2	2.79430643225	2
88	87.9166666667	2.25	2.95034846932	1
88	87.9166666667	2.5	3.02920698963	1
88	87.9166666667	2.75	3.0923073098	1
88	87.9166666667	3	3.15540762997	1
88	87.9166666667	3.25	3.21850795014	1
88	87.9166666667	3.5	3.27066323764	1
88	87.9166666667	3.75	3.30397613742	1
88	87.9166666667	4	3.33728903721	1
88	87.9166666667	4.25	3.370601937	1
88	87.9166666667	4.5	3.39203629931	1
88	87.9166666667	4.75	3.39484579771	1
88	87.9166666667	5	3.39765529611	1
88	87.9166666667	5.25	3.40046479451	1
88	87.9166666667	5.5	3.39091432768	1
88	87.9166666667	5.75	3.34910462619	1
88	87.9166666667	6	3.3072949247	1
88	87.9166666667	6.25	3.31999228475	1
88	87.9166666667	6.5	3.19128897632	1
88	87.9166666667	6.75	3.06258566789	1
88	87.9166666667	7	2.93388235946	1
88	87.9166666667	7.5	2.56214783569	1
88	87.9166666667	7.75	2.26881241642	1
88	87.9166666667	8	1.75803471578	2
88	87.9166666667	8.25	0.857193264172	2
88.5	88.4166666667	0	2.55955461792	1
88.5	88.4166666667	0.25	2.53131555709	1
88.5	88.4166666667	0.5	2.50166098646	1
88.5	88.4166666667	0.75	2.53197582104	1
88.5	88.4166666667	1	2.56229065562	1
88.5	88.4166666667	1.25	2.5926054902	1
88.5	88.4166666667	1.5	2.63656573906	1
88.5	88.4166666667	1.75	2.70925552008	1
88.5	88.4166666667	2	2.7819453011	2
88.5	88.4166666667	2.25	2.93884839229	1
88.5	88.4166666667	2.5	3.01234014055	1
88.5	88.4166666667	2.75	3.08089557765	1
88.5	88.4166666667	3	3.14945101475	1
88.5	88.4166666667	3.25	3.21800645185	1
88.5	88.4166666667	3.5	3.25945258416	1
88.5	88.4166666667	3.75	3.29763027893	1
88.5	88.4166666667	4	3.3358079737	1
88.5	88.4166666667	4.25	3.37382033925	1
88.5	88.4166666667	4.5	3.38164016867	1
88.5	88.4166666667	4.75	3.3894599981	1
88.5	88.4166666667	5	3.39727982752	1
88.5	88.4166666667	5.25	3.41008725234	1
88.5	88.4166666667	5.5	3.3768241787	1
88.5	88.4166666667	5.75	3.34356110506	1
88.5	88.4166666667	6	3.31029803142	1
88.5	88.4166666667	6.25	3.28361380085	1
88.5	88.4166666667	6.5	3.17260259487	1
88.5	88.4166666667	6.75	3.06159138889	1
88.5	88.4166666667	7	2.95058018292	1
88.5	88.4166666667	7.5	2.56266456902	1
88.5	88.4166666667	7.75	2.28372335089	1
88.5	88.4166666667	8	1.79644759692	2
88.5	88.4166666667	8.25	1.02146460373	1
89	88.9166666667	0	2.55483982963	1
89	88.9166666667	0.25	2.51405807937	1
89	88.9166666667	0.5	2.50966320501	1
89	88.9166666667	0.75	2.52893748463	1
89	88.9166666667	1	2.54821176424	1
89	88.9166666667	1.25	2.56748604386	1
89	88.9166666667	1.5	2.62936065546	1
89	88.9166666667	1.75	2.69865815261	1
89	88.9166666667	2	2.76795564977	2
89	88.9166666667	2.25	2.92475616082	1
89	88.9166666667	2.5	2.99848615015	1
89	88.9166666667	2.75	3.07221613948	1
89	88.9166666667	3	3.14594612881	1
89	88.9166666667	3.25	3.20738181369	1
89	88.9166666667	3.5	3.25050015058	1
89	88.9166666667	3.75	3.29361848746	1
89	88.9166666667	4	3.33673682435	1
89	88.9166666667	4.25	3.36155407148	1
89	88.9166666667	4.5	3.37432621663	1
89	88.9166666667	4.75	3.38709836177	1
89	88.9166666667	5	3.39987050691	1
89	88.9166666667	5.25	3.39353093607	1
89	88.9166666667	5.5	3.36803733949	1
89	88.9166666667	5.75	3.3425437429	1
89	88.9166666667	6	3.35247049023	1
89	88.9166666667	6.25	3.25775597582	1
89	88.9166666667	6.5	3.16304146141	1
89	88.9166666667	6.75	3.068326947	1
89	88.9166666667	7	2.95571067418	1
89	88.9166666667	7.5	2.56619333552	1
89	88.9166666667	7.75	2.3033824547	1
89	88.9166666667	8	1.8282767956	2
89	88.9166666667	8.25	1.06484031352	1
89.5	89.4166666667	0	2.54686527659	1
89.5	89.4166666667	0.25	2.50617632834	1
89.5	89.4166666667	0.5	2.51312995307	1
89.5	89.4166666667	0.75	2.52008357781	1
89.5	89.4166666667	1	2.52703720254	1
89.5	89.4166666667	1.25	2.55729816153	1
89.5	89.4166666667	1.5	2.62171918607	1
89.5	89.4166666667	1.75	2.68614021062	1
89.5	89.4166666667	2	2.75056123517	2
89.5	89.4166666667	2.25	2.91026262949	1
89.5	89.4166666667	2.5	2.98815708578	1
89.5	89.4166666667	2.75	3.06605154207	1
89.5	89.4166666667	3	3.14394599836	1
89.5	89.4166666667	3.25	3.19512071036	1
89.5	89.4166666667	3.5	3.2436425887	1
89.5	89.4166666667	3.75	3.29216446703	1
89.5	89.4166666667	4	3.33447160461	1
89.5	89.4166666667	4.25	3.35222240504	1
89.5	89.4166666667	4.5	3.36997320547	1
89.5	89.4166666667	4.75	3.3877240059	1
89.5	89.4166666667	5	3.40056174303	1
89.5	89.4166666667	5.25	3.38215192446	1
89.5	89.4166666667	5.5	3.36374210589	1
89.5	89.4166666667	5.75	3.34533228732	1
89.5	89.4166666667	6	3.32234326065	1
89.5	89.4166666667	6.25	3.24225788178	1
89.5	89.4166666667	6.5	3.16217250291	1
89.5	89.4166666667	6.75	3.08208712404	1
89.5	89.4166666667	7	2.94775121732	1
89.5	89.4166666667	7.25	2.80822133607	1
89.5	89.4166666667	7.5	2.57196861276	1
89.5	89.4166666667	7.75	2.3546757089	1
89.5	89.4166666667	8	1.86126324482	2
89.5	89.4166666667	8.25	1.10276809919	1
90	89.9166666667	0	2.53601190812	1
90	89.9166666667	0.25	2.51659704742	1
90	89.9166666667	0.5	2.51128754902	1
90	89.9166666667	0.75	2.50597805062	1
90	89.9166666667	1	2.50066855223	1
90	89.9166666667	1.25	2.55496128533	1
90	89.9166666667	1.5	2.61157375868	1
90	89.9166666667	1.75	2.66818623203	1
90	89.9166666667	2	2.73607604589	2
90	89.9166666667	2.25	2.90021243838	1
90	89.9166666667	2.5	2.98035982437	1
90	89.9166666667	2.75	3.06050721035	1
90	89.9166666667	3	3.12925055375	1
90	89.9166666667	3.25	3.18441063913	1
90	89.9166666667	3.5	3.23957072451	1
90	89.9166666667	3.75	3.29473080989	1
90	89.9166666667	4	3.32309052475	1
90	89.9166666667	4.25	3.34597472966	1
90	89.9166666667	4.5	3.36885893457	1
90	89.9166666667	4.75	3.39174313948	1
90	89.9166666667	5	3.38733361739	1
90	89.9166666667	5.25	3.37546061845	1
90	89.9166666667	5.5	3.36358761952	1
90	89.9166666667	5.75	3.36925498208	1
90	89.9166666667	6	3.30206448048	1
90	89.9166666667	6.25	3.23487397888	1
90	89.9166666667	6.5	3.16768347727	1
90	89.9166666667	6.75	3.09601086586	1
90	89.9166666667	7	2.93864564847	1
90	89.9166666667	7.25	2.79226106737	1
90	89.9166666667	7.5	2.58655840465	1
90	89.9166666667	7.75	2.33740151847	1
90	89.9166666667	8	2.00843311699	1
90	89.9166666667	8.25	1.13938503945	1
